-- SPDX-FileCopyrightText: © Fossology contributors

-- SPDX-License-Identifier: GPL-2.0-only

SET statement_timeout = 0;
SET lock_timeout = 0;
SET client_encoding = 'SQL_ASCII';
SET standard_conforming_strings = on;
SET check_function_bodies = false;
SET client_min_messages = warning;
SET search_path = public, pg_catalog;
INSERT INTO agent (agent_pk, agent_name, agent_rev, agent_desc, agent_enabled, agent_parms, agent_ts) VALUES (1, 'mimetype', 'trunk.271e3e', '(null)', true, NULL, '2014-08-07 09:53:34.999488+00');
INSERT INTO agent (agent_pk, agent_name, agent_rev, agent_desc, agent_enabled, agent_parms, agent_ts) VALUES (2, 'maintagent', '(null).(null)', '(null)', true, NULL, '2014-08-07 09:53:35.0032+00');
INSERT INTO agent (agent_pk, agent_name, agent_rev, agent_desc, agent_enabled, agent_parms, agent_ts) VALUES (3, 'wget_agent', 'trunk.271e3e', '(null)', true, NULL, '2014-08-07 09:53:35.013542+00');
INSERT INTO agent (agent_pk, agent_name, agent_rev, agent_desc, agent_enabled, agent_parms, agent_ts) VALUES (4, 'ununpack', 'trunk.271e3e', '(null)', true, NULL, '2014-08-07 09:53:35.014072+00');
INSERT INTO agent (agent_pk, agent_name, agent_rev, agent_desc, agent_enabled, agent_parms, agent_ts) VALUES (5, 'monk', 'trunk.271e3e', '(null)', true, NULL, '2014-08-07 09:53:35.017011+00');
INSERT INTO agent (agent_pk, agent_name, agent_rev, agent_desc, agent_enabled, agent_parms, agent_ts) VALUES (6, 'nomos', 'trunk.271e3e', '(null)', true, NULL, '2014-08-07 09:53:35.017505+00');
INSERT INTO agent (agent_pk, agent_name, agent_rev, agent_desc, agent_enabled, agent_parms, agent_ts) VALUES (7, 'delagent', 'trunk.271e3e', '(null)', true, NULL, '2014-08-07 09:53:35.028473+00');
INSERT INTO agent (agent_pk, agent_name, agent_rev, agent_desc, agent_enabled, agent_parms, agent_ts) VALUES (8, 'copyright', 'trunk.271e3e', '(null)', true, NULL, '2014-08-07 09:53:35.037566+00');
INSERT INTO agent (agent_pk, agent_name, agent_rev, agent_desc, agent_enabled, agent_parms, agent_ts) VALUES (9, 'buckets', 'trunk.271e3e', '(null)', true, NULL, '2014-08-07 09:53:35.042107+00');
INSERT INTO agent (agent_pk, agent_name, agent_rev, agent_desc, agent_enabled, agent_parms, agent_ts) VALUES (10, 'adj2nest', 'trunk.271e3e', '(null)', true, NULL, '2014-08-07 09:53:35.048305+00');
INSERT INTO agent (agent_pk, agent_name, agent_rev, agent_desc, agent_enabled, agent_parms, agent_ts) VALUES (11, 'pkgagent', 'trunk.271e3e', '(null)', true, NULL, '2014-08-07 09:53:35.054371+00');
INSERT INTO agent (agent_pk, agent_name, agent_rev, agent_desc, agent_enabled, agent_parms, agent_ts) VALUES (12, 'ojo', 'trunk.271e3e', '(null)', true, NULL, '2014-08-07 09:53:35.054371+00');
INSERT INTO mimetype (mimetype_pk, mimetype_name) VALUES (1, 'application/gzip');
INSERT INTO mimetype (mimetype_pk, mimetype_name) VALUES (2, 'application/x-gzip');
INSERT INTO mimetype (mimetype_pk, mimetype_name) VALUES (3, 'application/x-compress');
INSERT INTO mimetype (mimetype_pk, mimetype_name) VALUES (4, 'application/x-bzip');
INSERT INTO mimetype (mimetype_pk, mimetype_name) VALUES (5, 'application/x-bzip2');
INSERT INTO mimetype (mimetype_pk, mimetype_name) VALUES (6, 'application/x-upx');
INSERT INTO mimetype (mimetype_pk, mimetype_name) VALUES (7, 'application/pdf');
INSERT INTO mimetype (mimetype_pk, mimetype_name) VALUES (8, 'application/x-pdf');
INSERT INTO mimetype (mimetype_pk, mimetype_name) VALUES (9, 'application/x-zip');
INSERT INTO mimetype (mimetype_pk, mimetype_name) VALUES (10, 'application/zip');
INSERT INTO mimetype (mimetype_pk, mimetype_name) VALUES (11, 'application/x-tar');
INSERT INTO mimetype (mimetype_pk, mimetype_name) VALUES (12, 'application/x-gtar');
INSERT INTO mimetype (mimetype_pk, mimetype_name) VALUES (13, 'application/x-cpio');
INSERT INTO mimetype (mimetype_pk, mimetype_name) VALUES (14, 'application/x-rar');
INSERT INTO mimetype (mimetype_pk, mimetype_name) VALUES (15, 'application/x-cab');
INSERT INTO mimetype (mimetype_pk, mimetype_name) VALUES (16, 'application/x-7z-compressed');
INSERT INTO mimetype (mimetype_pk, mimetype_name) VALUES (17, 'application/x-7z-w-compressed');
INSERT INTO mimetype (mimetype_pk, mimetype_name) VALUES (18, 'application/x-rpm');
INSERT INTO mimetype (mimetype_pk, mimetype_name) VALUES (19, 'application/x-archive');
INSERT INTO mimetype (mimetype_pk, mimetype_name) VALUES (20, 'application/x-debian-package');
INSERT INTO mimetype (mimetype_pk, mimetype_name) VALUES (21, 'application/x-iso');
INSERT INTO mimetype (mimetype_pk, mimetype_name) VALUES (22, 'application/x-iso9660-image');
INSERT INTO mimetype (mimetype_pk, mimetype_name) VALUES (23, 'application/x-fat');
INSERT INTO mimetype (mimetype_pk, mimetype_name) VALUES (24, 'application/x-ntfs');
INSERT INTO mimetype (mimetype_pk, mimetype_name) VALUES (25, 'application/x-ext2');
INSERT INTO mimetype (mimetype_pk, mimetype_name) VALUES (26, 'application/x-ext3');
INSERT INTO mimetype (mimetype_pk, mimetype_name) VALUES (27, 'application/x-x86_boot');
INSERT INTO mimetype (mimetype_pk, mimetype_name) VALUES (28, 'application/x-debian-source');
INSERT INTO mimetype (mimetype_pk, mimetype_name) VALUES (29, 'application/x-xz');
INSERT INTO mimetype (mimetype_pk, mimetype_name) VALUES (30, 'text/plain');
INSERT INTO mimetype (mimetype_pk, mimetype_name) VALUES (31, 'text/x-pascal');
INSERT INTO pfile (pfile_pk, pfile_md5, pfile_sha1, pfile_size, pfile_mimetypefk) VALUES (1, '2F287913FCE53A02E17A74E9B55E722D', 'ABBA0D35E157004E77509B9824BD67682617E863', 16805, 10);
INSERT INTO pfile (pfile_pk, pfile_md5, pfile_sha1, pfile_size, pfile_mimetypefk) VALUES (6, '1E695642D1D76CAA17696BC4A6A44244', 'CD939E768CF3DD6A9174D316D72A6592905BADF3', 6515, 30);
INSERT INTO pfile (pfile_pk, pfile_md5, pfile_sha1, pfile_size, pfile_mimetypefk) VALUES (7, '8AAFE9EC69C8BA05CCE9C4EC7C2531A7', 'B8DC1DD3A5D098213D39E0F5F687506E737542CE', 10386, 30);
INSERT INTO pfile (pfile_pk, pfile_md5, pfile_sha1, pfile_size, pfile_mimetypefk) VALUES (8, '21CD829574210F39A89E9389246B9EAF', '9058E69879BC8EB9B90688D6AFC4061692214798', 1804, 30);
INSERT INTO pfile (pfile_pk, pfile_md5, pfile_sha1, pfile_size, pfile_mimetypefk) VALUES (4, '59CACDFCE5051CD8A1D8A1F2DCCE40A5', '04621571BCBABCE75C4DD1C6445B87DEC0995734', 12320, 31);
INSERT INTO pfile (pfile_pk, pfile_md5, pfile_sha1, pfile_size, pfile_mimetypefk) VALUES (5, 'FB428F421A053BF3FF4456EF18CFEAC6', 'A24C423DA4189DE61D320F86DAC6D61FB1B414A4', 2616, 30);
INSERT INTO pfile (pfile_pk, pfile_md5, pfile_sha1, pfile_size, pfile_mimetypefk) VALUES (2, 'A37ABDF6C3D22D38CDE9C6115E304C2B', 'B91DE563563B086D906C606910E79AF9170E2B33', 16861, 30);
INSERT INTO pfile (pfile_pk, pfile_md5, pfile_sha1, pfile_size, pfile_mimetypefk) VALUES (3, 'E35086757EE4F4B35B0B1C63107DE47F', '678C8AE6FC318346D61D540D30AA4ACE024BBB8B', 4483, 30);
INSERT INTO pfile (pfile_pk, pfile_md5, pfile_sha1, pfile_size, pfile_mimetypefk) VALUES (9, 'F703E0197FB6C5BD0C8DFDCC115A0231', '5DAFC9C82988A81413B995210B668CF5CF5975FF', 16845, 10);
INSERT INTO pfile (pfile_pk, pfile_md5, pfile_sha1, pfile_size, pfile_mimetypefk) VALUES (10, '1E035D39ED1AF3B40164BACB620C21CD', '226B68B9DFBB7AA72DB1A8540A175988F0963EE2', 16884, 30);
INSERT INTO pfile (pfile_pk, pfile_md5, pfile_sha1, pfile_size, pfile_mimetypefk) VALUES (351, '8E913E594D24FF3AEABE350107D97815', 'C518CE1658140B65FA0132AD1130CB91512416BF', 35829, 31);
INSERT INTO pfile (pfile_pk, pfile_md5, pfile_sha1, pfile_sha256, pfile_size, pfile_mimetypefk) VALUES (755, 'E7295A5773D0EA17D53CBE6293924DD4', '93247C8DB814F0A224B75B522C1FA4DC92DC3078', 'E29ABC32DB8B6241D598BC7C76681A7623D176D85F99E738A56C0CB684C367E1', 10240, 12);
INSERT INTO pfile (pfile_pk, pfile_md5, pfile_sha1, pfile_sha256, pfile_size, pfile_mimetypefk) VALUES (756, 'C655F0AD3E4D3F90D8EE0541DD636E2E', 'D62DCD25DC68180758FD1C064ADC91AB70A78CB1', '8F39AC8ADD8CD0C0C2BF8924CE3B24F4B2760B8723BFD4205A49FB142490A355', 34, NULL);
INSERT INTO pfile (pfile_pk, pfile_md5, pfile_sha1, pfile_sha256, pfile_size, pfile_mimetypefk) VALUES (757, '293BAAFD27959F52ED53C8FD28C6541B', 'B7C67F06CB898E964D4E8A87B1607FE9C2237DA4', '457F2C15805939FFEF15E43133C938DAEC11CFCA6C357B3BCD211859074322B2', 34, NULL);
INSERT INTO pfile (pfile_pk, pfile_md5, pfile_sha1, pfile_sha256, pfile_size, pfile_mimetypefk) VALUES (758, '95405535F6607638FC8B344F369D8CA9', 'FBE3181FD0ADDBD6E64B1FF6CAE1223A7DACB836', '77949BC4E251CF4F0BAD9C5DC8C44C5803BC50A7E73F3B5DCAF985DEBE0E93B4', 64, NULL);
INSERT INTO pfile (pfile_pk, pfile_md5, pfile_sha1, pfile_sha256, pfile_size, pfile_mimetypefk) VALUES (759, 'AA4879E93BB4CA852ED957E3E008434D', '562A730AC23D9E070A6DE27D026DDC3E0D8D4C70', '2C04CC77BA63B2F1165A1CB2AD220B5A43E23DA62A5FFD9E6054B7E2A7F50B02', 38, NULL);
INSERT INTO pfile (pfile_pk, pfile_md5, pfile_sha1, pfile_sha256, pfile_size, pfile_mimetypefk) VALUES (760, '44DA1A7427FBD7AF0DE6D0413755DFB4', 'AAC17F449140406C1F130E89B15773FCFE1825AB', '4DC26FAFC73682D762428CA3D06C2CF2F2301F90D48B5E3A93FF0D0BE52755F5', 42, NULL);
INSERT INTO pfile (pfile_pk, pfile_md5, pfile_sha1, pfile_sha256, pfile_size, pfile_mimetypefk) VALUES (761, 'E47AA02935A589FADA86489705E0E0F0', '8D59ECB1B531ED8FA2AC82B6B73317BACFFA7C03', '31D1AE50E86973757AD00D81744BA958B398C8B02013B5ADDF76633AF95809FB', 41, NULL);
INSERT INTO pfile (pfile_pk, pfile_md5, pfile_sha1, pfile_sha256, pfile_size, pfile_mimetypefk) VALUES (762, 'C3FCE1E6841BACBDE991EA1D00C07F0E', 'DFC1EA008F7C5EBE82FFA09A7990ACA1EEF1787F', '8C53016213F6B59AEA597129CBEF7A3972F700A2754212B6ADA256DE6ED17E9A', 62, NULL);
INSERT INTO upload (upload_pk, upload_desc, upload_filename, user_fk, upload_mode, upload_ts, pfile_fk, upload_origin, uploadtree_tablename, expire_date, expire_action, public_perm) VALUES (1, '', 'A.zip', 2, 104, '2014-08-07 09:57:19.18654+00', 1, 'A.zip', 'uploadtree_a', NULL, NULL, 0);
INSERT INTO upload (upload_pk, upload_desc, upload_filename, user_fk, upload_mode, upload_ts, pfile_fk, upload_origin, uploadtree_tablename, expire_date, expire_action, public_perm) VALUES (2, '', 'B.zip', 2, 104, '2014-08-07 09:57:26.512497+00', 9, 'B.zip', 'uploadtree_a', NULL, NULL, 0);
INSERT INTO upload (upload_pk, upload_desc, upload_filename, user_fk, upload_mode, upload_ts, pfile_fk, upload_origin, uploadtree_tablename, expire_date, expire_action, public_perm) VALUES (3, '', 'C.zip', 2, 104, '2014-08-07 09:57:26.512497+00', 9, 'C.zip', 'uploadtree_a', NULL, NULL, 0);
INSERT INTO upload (upload_pk, upload_desc, upload_filename, user_fk, upload_mode, upload_ts, pfile_fk, upload_origin, uploadtree_tablename, expire_date, expire_action, public_perm) VALUES (44, '', 'spdx.tar', 2, 104, '2014-08-07 09:57:26.512497+00', 755, 'spdx.tar', 'uploadtree_a', NULL, NULL, 0);
INSERT INTO bucketpool (bucketpool_pk, bucketpool_name, version, active, description) VALUES (1, 'GPL Demo bucket pool', 1, 'Y', 'Demonstration of a very simple GPL/non-gpl bucket pool');
INSERT INTO bucket_def (bucket_pk, bucket_name, bucket_color, bucket_reportorder, bucket_evalorder, bucketpool_fk, bucket_type, bucket_regex, bucket_filename, stopon, applies_to) VALUES (1, 'GPL Licenses (Demo)', 'orange', 50, 50, 1, 3, '(affero|gpl)', NULL, 'N', 'f');
INSERT INTO bucket_def (bucket_pk, bucket_name, bucket_color, bucket_reportorder, bucket_evalorder, bucketpool_fk, bucket_type, bucket_regex, bucket_filename, stopon, applies_to) VALUES (2, 'non-gpl (Demo)', 'yellow', 50, 1000, 1, 99, NULL, NULL, 'N', 'f');
INSERT INTO copyright (copyright_pk, agent_fk, pfile_fk, content, hash, type, copy_startbyte, copy_endbyte, is_enabled) VALUES (1, 8, 3, 'copyright (c) 1993-2009, all rights reserved. since doc software is open-source, freely available software, you are free to use, modify, copy, and distribute--perpetually and irrevocably--the doc softw', '0xc94dcc0ecf38ec1b', 'statement', 342, 543, 'true');
INSERT INTO copyright (copyright_pk, agent_fk, pfile_fk, content, hash, type, copy_startbyte, copy_endbyte, is_enabled) VALUES (2, 8, 3, 'modified versions of this software. you must, however, include this copyright statement along with any code built using doc software that you release. no copyright statement needs to be provided if you', '0x3a910990f114f12f', 'statement', 632, 833, 'true');
INSERT INTO copyright (copyright_pk, agent_fk, pfile_fk, content, hash, type, copy_startbyte, copy_endbyte, is_enabled) VALUES (3, 8, 3, 'maintained by the doc group at the institute for software integrated systems (isis) and the center for distributed object computing of washington university, st. louis for the development of open-sourc', '0x39f39190219b296f', 'statement', 1563, 1764, 'true');
INSERT INTO copyright (copyright_pk, agent_fk, pfile_fk, content, hash, type, copy_startbyte, copy_endbyte, is_enabled) VALUES (4, 8, 3, 'written permission from washington university, uc irvine, or vanderbilt university. this license grants no permission to call products or services derived from this source ace(tm), tao(tm), ciao(tm), d', '0xd9cce4755af8544e', 'statement', 4021, 4222, 'true');
INSERT INTO copyright (copyright_pk, agent_fk, pfile_fk, content, hash, type, copy_startbyte, copy_endbyte, is_enabled) VALUES (5, 8, 4, 'copyright 3dfx interactive, inc. 1999, all rights reserved this 
', '0xd5b4932ee22d9d53', 'statement', 5063, 5128, 'true');
INSERT INTO copyright (copyright_pk, agent_fk, pfile_fk, content, hash, type, copy_startbyte, copy_endbyte, is_enabled) VALUES (6, 8, 4, 'written permission of 3dfx interactive, 
inc. see the 3dfx glide general public license for a full text of the 
', '0x6efc9d9755ede08', 'statement', 5290, 5403, 'true');
INSERT INTO copyright (copyright_pk, agent_fk, pfile_fk, content, hash, type, copy_startbyte, copy_endbyte, is_enabled) VALUES (7, 8, 4, 'copyright laws of 
the united states. 

copyright 3dfx interactive, inc. 1999, all rights reserved" 
', '0x68a5892b51a5958b', 'statement', 6854, 6958, 'true');
INSERT INTO copyright (copyright_pk, agent_fk, pfile_fk, content, hash, type, copy_startbyte, copy_endbyte, is_enabled) VALUES (8, 8, 4, 'info@3dfx.com', '0x7214ac670cc0668', 'email', 5467, 5480, 'true');
INSERT INTO copyright (copyright_pk, agent_fk, pfile_fk, content, hash, type, copy_startbyte, copy_endbyte, is_enabled) VALUES (9, 8, 4, 'info@3dfx.com', '0x7214ac670cc0668', 'email', 6322, 6335, 'true');
INSERT INTO copyright (copyright_pk, agent_fk, pfile_fk, content, hash, type, copy_startbyte, copy_endbyte, is_enabled) VALUES (10, 8, 5, 'copyright (c) 2002 by author 
professional identification * url
', '0xcd38e0e5aeb1930f', 'statement', 31, 97, 'true');
INSERT INTO copyright (copyright_pk, agent_fk, pfile_fk, content, hash, type, copy_startbyte, copy_endbyte, is_enabled) VALUES (11, 8, 5, '(c) url ("url"). 
3. neither the name nor any trademark of the author may be used to 
', '0x2e0e72503af8034', 'statement', 1252, 1339, 'true');
INSERT INTO copyright (copyright_pk, agent_fk, pfile_fk, content, hash, type, copy_startbyte, copy_endbyte, is_enabled) VALUES (12, 8, 6, 'copyright (c) 2002 lawrence e. rosen. all rights
reserved. permission is hereby granted to copy and distribute this
', '0x746a69946ff2da41', 'statement', 4499, 4616, 'true');
INSERT INTO copyright (copyright_pk, agent_fk, pfile_fk, content, hash, type, copy_startbyte, copy_endbyte, is_enabled) VALUES (13, 8, 6, 'copyright grant to the software. the
    bsd and apache licenses are vague and incomplete in that respect.
', '0xd4a26567ae3c6dde', 'statement', 5431, 5539, 'true');
INSERT INTO copyright (copyright_pk, agent_fk, pfile_fk, content, hash, type, copy_startbyte, copy_endbyte, is_enabled) VALUES (14, 8, 6, 'copyright to the license will control changes. the apache
', '0x5c8f0370f2ab5d52', 'statement', 6363, 6421, 'true');
INSERT INTO copyright (copyright_pk, agent_fk, pfile_fk, content, hash, type, copy_startbyte, copy_endbyte, is_enabled) VALUES (15, 8, 8, 'written permission.

you agree to indemnify, hold harmless and defend adobe systems incorporated from and against any loss, damage, claims or lawsuits, including attorney''''s fees that arise or result ', '0x32c91329da4f38ae', 'statement', 100, 201, 'true');
INSERT INTO copyright (copyright_pk, agent_fk, pfile_fk, content, hash, type, copy_startbyte, copy_endbyte, is_enabled) VALUES (16, 8, 9, 'copyright (c) 2048', '0x5c8f0370f2ab5d53', 'statement', 0, 18, 'true');
INSERT INTO copyright_ars (ars_pk, agent_fk, upload_fk, ars_success, ars_status, ars_starttime, ars_endtime) VALUES (5, 8, 1, true, NULL, '2014-08-07 09:57:20.634464+00', '2014-08-07 09:57:20.642878+00');
INSERT INTO copyright_ars (ars_pk, agent_fk, upload_fk, ars_success, ars_status, ars_starttime, ars_endtime) VALUES (11, 8, 2, true, NULL, '2014-08-07 09:57:27.86361+00', '2014-08-07 09:57:27.869927+00');
INSERT INTO copyright_decision (copyright_decision_pk, user_fk, pfile_fk, clearing_decision_type_fk, description, textfinding, hash, comment, is_enabled) VALUES (1, 1, 9, 5, 'Manual copyright entry', 'copyright (c) manual', '3b6f7162caec7a85a34be604c5bb446fc34ed7e5ff2dacecaf1aaba3a782a23a', 'A friendly copyright comment', TRUE);
INSERT INTO copyright_decision (copyright_decision_pk, user_fk, pfile_fk, clearing_decision_type_fk, description, textfinding, hash, comment, is_enabled) VALUES (1, 1, 14, 5, 'Manual copyright entry', 'copyright (c) independent manual', '3b6f7162caec7a85a34be604c5bb446fc34ed7e5ff2dacecaf1aaba3a782a23c', 'A friendly copyright comment', TRUE);
INSERT INTO folder (folder_pk, folder_name, folder_desc, folder_perm) VALUES (1, 'Software Repository', 'Top Folder', NULL);
INSERT INTO foldercontents (foldercontents_pk, parent_fk, foldercontents_mode, child_id) VALUES (1, 1, 0, 0);
INSERT INTO foldercontents (foldercontents_pk, parent_fk, foldercontents_mode, child_id) VALUES (2, 1, 2, 1);
INSERT INTO foldercontents (foldercontents_pk, parent_fk, foldercontents_mode, child_id) VALUES (3, 1, 2, 2);
INSERT INTO foldercontents (foldercontents_pk, parent_fk, foldercontents_mode, child_id) VALUES (44, 1, 2, 2);
INSERT INTO groups (group_pk, group_name) VALUES (1, 'Default User');
INSERT INTO groups (group_pk, group_name) VALUES (2, 'fossy');
INSERT INTO users (user_pk, user_name, root_folder_fk, user_desc, user_seed, user_pass, user_perm, user_email, email_notify, upload_visibility, user_agent_list, default_bucketpool_fk, ui_preference, new_upload_group_fk, new_upload_perm, default_folder_fk) VALUES (1, 'Default User', 1, 'Default User when nobody is logged in', 'Seed', 'Pass', 0, NULL, 'y', 'public', NULL, NULL, 'simple', NULL, NULL, 1);
INSERT INTO users (user_pk, user_name, root_folder_fk, user_desc, user_seed, user_pass, user_perm, user_email, email_notify, upload_visibility, user_agent_list, default_bucketpool_fk, ui_preference, new_upload_group_fk, new_upload_perm, default_folder_fk) VALUES (2, 'fossy', 1, 'Default Administrator', '16294329171791449506', 'b27fd9578d6893916952c2fb74a64bbc9e1bf0b9', 10, 'y', 'y', 'public', 'agent_copyright,agent_mimetype,agent_monk,agent_nomos,agent_pkgagent', 1, '', NULL, NULL, 1);
INSERT INTO group_user_member (group_user_member_pk, group_fk, user_fk, group_perm) VALUES (1, 1, 1, 1);
INSERT INTO group_user_member (group_user_member_pk, group_fk, user_fk, group_perm) VALUES (2, 2, 2, 1);
INSERT INTO highlight (fl_fk, type, start, len, rf_start, rf_len) VALUES (1, 'M ', 0, 4483, 0, 4483);
INSERT INTO highlight (fl_fk, type, start, len, rf_start, rf_len) VALUES (2, 'M ', 0, 12319, 0, 12319);
INSERT INTO highlight (fl_fk, type, start, len, rf_start, rf_len) VALUES (3, 'M ', 0, 2616, 0, 2616);
INSERT INTO highlight (fl_fk, type, start, len, rf_start, rf_len) VALUES (4, 'M ', 3, 6512, 3, 6512);
INSERT INTO highlight (fl_fk, type, start, len, rf_start, rf_len) VALUES (4483, 'L ', 1875, 52, NULL, NULL);
INSERT INTO highlight (fl_fk, type, start, len, rf_start, rf_len) VALUES (4483, 'L ', 2303, 53, NULL, NULL);
INSERT INTO highlight (fl_fk, type, start, len, rf_start, rf_len) VALUES (5, 'L ', 892, 70, NULL, NULL);
INSERT INTO highlight (fl_fk, type, start, len, rf_start, rf_len) VALUES (6, 'M ', 0, 10386, 0, 10386);
INSERT INTO highlight (fl_fk, type, start, len, rf_start, rf_len) VALUES (7, 'M ', 0, 1802, 0, 1802);
INSERT INTO highlight (fl_fk, type, start, len, rf_start, rf_len) VALUES (9, 'L ', 5142, 4, NULL, NULL);
INSERT INTO highlight (fl_fk, type, start, len, rf_start, rf_len) VALUES (9, 'L ', 1378, 97, NULL, NULL);
INSERT INTO highlight (fl_fk, type, start, len, rf_start, rf_len) VALUES (8, 'L ', 5064, 39, NULL, NULL);
INSERT INTO highlight (fl_fk, type, start, len, rf_start, rf_len) VALUES (8, 'L ', 6898, 39, NULL, NULL);
INSERT INTO highlight (fl_fk, type, start, len, rf_start, rf_len) VALUES (8, 'L ', 3866, 75, NULL, NULL);
INSERT INTO highlight (fl_fk, type, start, len, rf_start, rf_len) VALUES (10, 'L ', 253, 110, NULL, NULL);
INSERT INTO highlight (fl_fk, type, start, len, rf_start, rf_len) VALUES (10, 'L ', 396, 45, NULL, NULL);
INSERT INTO highlight (fl_fk, type, start, len, rf_start, rf_len) VALUES (11, 'L ', 4061, 206, NULL, NULL);
INSERT INTO highlight (fl_fk, type, start, len, rf_start, rf_len) VALUES (11, 'L ', 3, 27, NULL, NULL);
INSERT INTO highlight (fl_fk, type, start, len, rf_start, rf_len) VALUES (11, 'L ', 285, 23, NULL, NULL);
INSERT INTO highlight (fl_fk, type, start, len, rf_start, rf_len) VALUES (11, 'L ', 4845, 29, NULL, NULL);
INSERT INTO highlight (fl_fk, type, start, len, rf_start, rf_len) VALUES (11, 'L ', 3, 37, NULL, NULL);
INSERT INTO highlight (fl_fk, type, start, len, rf_start, rf_len) VALUES (11, 'L ', 285, 34, NULL, NULL);
INSERT INTO highlight (fl_fk, type, start, len, rf_start, rf_len) VALUES (11, 'L ', 266, 40, NULL, NULL);
INSERT INTO highlight (fl_fk, type, start, len, rf_start, rf_len) VALUES (13, 'L ', 408, 17, NULL, NULL);
INSERT INTO highlight (fl_fk, type, start, len, rf_start, rf_len) VALUES (13, 'L ', 7522, 17, NULL, NULL);
INSERT INTO highlight (fl_fk, type, start, len, rf_start, rf_len) VALUES (12, 'L ', 3062, 6, NULL, NULL);
INSERT INTO highlight (fl_fk, type, start, len, rf_start, rf_len) VALUES (12, 'L ', 5087, 6, NULL, NULL);
INSERT INTO highlight (fl_fk, type, start, len, rf_start, rf_len) VALUES (12, 'L ', 6329, 6, NULL, NULL);
INSERT INTO highlight (fl_fk, type, start, len, rf_start, rf_len) VALUES (12, 'L ', 7402, 16, NULL, NULL);
INSERT INTO highlight (fl_fk, type, start, len, rf_start, rf_len) VALUES (14, 'L ', 0, 5, NULL, NULL);
INSERT INTO highlight (fl_fk, type, start, len, rf_start, rf_len) VALUES (14, 'L ', 79, 5, NULL, NULL);
INSERT INTO highlight (fl_fk, type, start, len, rf_start, rf_len) VALUES (14, 'L ', 222, 5, NULL, NULL);
INSERT INTO highlight (fl_fk, type, start, len, rf_start, rf_len) VALUES (14, 'L ', 580, 5, NULL, NULL);
INSERT INTO highlight (fl_fk, type, start, len, rf_start, rf_len) VALUES (14, 'L ', 771, 5, NULL, NULL);
INSERT INTO highlight (fl_fk, type, start, len, rf_start, rf_len) VALUES (14, 'L ', 222, 149, NULL, NULL);
INSERT INTO highlight_keyword (pfile_fk, start, len) VALUES (3, 1867, 5);
INSERT INTO highlight_keyword (pfile_fk, start, len) VALUES (3, 2297, 5);
INSERT INTO highlight_keyword (pfile_fk, start, len) VALUES (3, 0, 9);
INSERT INTO highlight_keyword (pfile_fk, start, len) VALUES (3, 199, 9);
INSERT INTO highlight_keyword (pfile_fk, start, len) VALUES (3, 222, 2);
INSERT INTO highlight_keyword (pfile_fk, start, len) VALUES (3, 343, 9);
INSERT INTO highlight_keyword (pfile_fk, start, len) VALUES (3, 353, 3);
INSERT INTO highlight_keyword (pfile_fk, start, len) VALUES (3, 701, 9);
INSERT INTO highlight_keyword (pfile_fk, start, len) VALUES (3, 787, 9);
INSERT INTO highlight_keyword (pfile_fk, start, len) VALUES (3, 1143, 9);
INSERT INTO highlight_keyword (pfile_fk, start, len) VALUES (3, 2652, 9);
INSERT INTO highlight_keyword (pfile_fk, start, len) VALUES (3, 4473, 2);
INSERT INTO highlight_keyword (pfile_fk, start, len) VALUES (3, 2157, 7);
INSERT INTO highlight_keyword (pfile_fk, start, len) VALUES (3, 2253, 7);
INSERT INTO highlight_keyword (pfile_fk, start, len) VALUES (3, 2933, 7);
INSERT INTO highlight_keyword (pfile_fk, start, len) VALUES (3, 490, 9);
INSERT INTO highlight_keyword (pfile_fk, start, len) VALUES (3, 622, 9);
INSERT INTO highlight_keyword (pfile_fk, start, len) VALUES (3, 996, 9);
INSERT INTO highlight_keyword (pfile_fk, start, len) VALUES (3, 1268, 9);
INSERT INTO highlight_keyword (pfile_fk, start, len) VALUES (3, 1667, 9);
INSERT INTO highlight_keyword (pfile_fk, start, len) VALUES (3, 4119, 5);
INSERT INTO highlight_keyword (pfile_fk, start, len) VALUES (3, 4260, 5);
INSERT INTO highlight_keyword (pfile_fk, start, len) VALUES (3, 1980, 20);
INSERT INTO highlight_keyword (pfile_fk, start, len) VALUES (3, 2605, 10);
INSERT INTO highlight_keyword (pfile_fk, start, len) VALUES (3, 14, 6);
INSERT INTO highlight_keyword (pfile_fk, start, len) VALUES (3, 4111, 6);
INSERT INTO highlight_keyword (pfile_fk, start, len) VALUES (3, 2685, 6);
INSERT INTO highlight_keyword (pfile_fk, start, len) VALUES (3, 4030, 10);
INSERT INTO highlight_keyword (pfile_fk, start, len) VALUES (3, 4129, 10);
INSERT INTO highlight_keyword (pfile_fk, start, len) VALUES (3, 4266, 10);
INSERT INTO highlight_keyword (pfile_fk, start, len) VALUES (3, 548, 11);
INSERT INTO highlight_keyword (pfile_fk, start, len) VALUES (3, 1019, 11);
INSERT INTO highlight_keyword (pfile_fk, start, len) VALUES (3, 1883, 7);
INSERT INTO highlight_keyword (pfile_fk, start, len) VALUES (3, 1920, 7);
INSERT INTO highlight_keyword (pfile_fk, start, len) VALUES (3, 2311, 7);
INSERT INTO highlight_keyword (pfile_fk, start, len) VALUES (3, 2349, 7);
INSERT INTO highlight_keyword (pfile_fk, start, len) VALUES (3, 2176, 13);
INSERT INTO highlight_keyword (pfile_fk, start, len) VALUES (4, 1623, 9);
INSERT INTO highlight_keyword (pfile_fk, start, len) VALUES (4, 5161, 5);
INSERT INTO highlight_keyword (pfile_fk, start, len) VALUES (4, 6367, 5);
INSERT INTO highlight_keyword (pfile_fk, start, len) VALUES (4, 11193, 5);
INSERT INTO highlight_keyword (pfile_fk, start, len) VALUES (4, 1459, 9);
INSERT INTO highlight_keyword (pfile_fk, start, len) VALUES (4, 2978, 9);
INSERT INTO highlight_keyword (pfile_fk, start, len) VALUES (4, 3313, 3);
INSERT INTO highlight_keyword (pfile_fk, start, len) VALUES (4, 3957, 9);
INSERT INTO highlight_keyword (pfile_fk, start, len) VALUES (4, 4270, 3);
INSERT INTO highlight_keyword (pfile_fk, start, len) VALUES (4, 5064, 9);
INSERT INTO highlight_keyword (pfile_fk, start, len) VALUES (4, 6019, 9);
INSERT INTO highlight_keyword (pfile_fk, start, len) VALUES (4, 6637, 3);
INSERT INTO highlight_keyword (pfile_fk, start, len) VALUES (4, 6855, 9);
INSERT INTO highlight_keyword (pfile_fk, start, len) VALUES (4, 6898, 9);
INSERT INTO highlight_keyword (pfile_fk, start, len) VALUES (4, 8002, 3);
INSERT INTO highlight_keyword (pfile_fk, start, len) VALUES (4, 10215, 9);
INSERT INTO highlight_keyword (pfile_fk, start, len) VALUES (4, 10366, 9);
INSERT INTO highlight_keyword (pfile_fk, start, len) VALUES (4, 10405, 9);
INSERT INTO highlight_keyword (pfile_fk, start, len) VALUES (4, 11107, 9);
INSERT INTO highlight_keyword (pfile_fk, start, len) VALUES (4, 11711, 9);
INSERT INTO highlight_keyword (pfile_fk, start, len) VALUES (4, 11860, 7);
INSERT INTO highlight_keyword (pfile_fk, start, len) VALUES (4, 11931, 7);
INSERT INTO highlight_keyword (pfile_fk, start, len) VALUES (4, 12311, 7);
INSERT INTO highlight_keyword (pfile_fk, start, len) VALUES (4, 376, 6);
INSERT INTO highlight_keyword (pfile_fk, start, len) VALUES (4, 616, 6);
INSERT INTO highlight_keyword (pfile_fk, start, len) VALUES (4, 702, 6);
INSERT INTO highlight_keyword (pfile_fk, start, len) VALUES (4, 946, 6);
INSERT INTO highlight_keyword (pfile_fk, start, len) VALUES (4, 1098, 6);
INSERT INTO highlight_keyword (pfile_fk, start, len) VALUES (4, 1188, 6);
INSERT INTO highlight_keyword (pfile_fk, start, len) VALUES (4, 1694, 6);
INSERT INTO highlight_keyword (pfile_fk, start, len) VALUES (4, 1720, 6);
INSERT INTO highlight_keyword (pfile_fk, start, len) VALUES (4, 2158, 6);
INSERT INTO highlight_keyword (pfile_fk, start, len) VALUES (4, 3608, 6);
INSERT INTO highlight_keyword (pfile_fk, start, len) VALUES (4, 3926, 6);
INSERT INTO highlight_keyword (pfile_fk, start, len) VALUES (4, 4045, 6);
INSERT INTO highlight_keyword (pfile_fk, start, len) VALUES (4, 4301, 6);
INSERT INTO highlight_keyword (pfile_fk, start, len) VALUES (4, 4357, 6);
INSERT INTO highlight_keyword (pfile_fk, start, len) VALUES (4, 4489, 6);
INSERT INTO highlight_keyword (pfile_fk, start, len) VALUES (4, 4626, 6);
INSERT INTO highlight_keyword (pfile_fk, start, len) VALUES (4, 4877, 6);
INSERT INTO highlight_keyword (pfile_fk, start, len) VALUES (4, 5592, 6);
INSERT INTO highlight_keyword (pfile_fk, start, len) VALUES (4, 5799, 6);
INSERT INTO highlight_keyword (pfile_fk, start, len) VALUES (4, 5877, 6);
INSERT INTO highlight_keyword (pfile_fk, start, len) VALUES (4, 7002, 6);
INSERT INTO highlight_keyword (pfile_fk, start, len) VALUES (4, 8693, 6);
INSERT INTO highlight_keyword (pfile_fk, start, len) VALUES (4, 8843, 6);
INSERT INTO highlight_keyword (pfile_fk, start, len) VALUES (4, 9288, 6);
INSERT INTO highlight_keyword (pfile_fk, start, len) VALUES (4, 9441, 6);
INSERT INTO highlight_keyword (pfile_fk, start, len) VALUES (4, 9842, 6);
INSERT INTO highlight_keyword (pfile_fk, start, len) VALUES (4, 10102, 6);
INSERT INTO highlight_keyword (pfile_fk, start, len) VALUES (4, 10288, 6);
INSERT INTO highlight_keyword (pfile_fk, start, len) VALUES (4, 11086, 6);
INSERT INTO highlight_keyword (pfile_fk, start, len) VALUES (4, 11176, 6);
INSERT INTO highlight_keyword (pfile_fk, start, len) VALUES (4, 11451, 6);
INSERT INTO highlight_keyword (pfile_fk, start, len) VALUES (4, 11508, 6);
INSERT INTO highlight_keyword (pfile_fk, start, len) VALUES (4, 11800, 6);
INSERT INTO highlight_keyword (pfile_fk, start, len) VALUES (4, 11999, 6);
INSERT INTO highlight_keyword (pfile_fk, start, len) VALUES (4, 12174, 6);
INSERT INTO highlight_keyword (pfile_fk, start, len) VALUES (4, 1298, 9);
INSERT INTO highlight_keyword (pfile_fk, start, len) VALUES (4, 1495, 9);
INSERT INTO highlight_keyword (pfile_fk, start, len) VALUES (4, 2738, 9);
INSERT INTO highlight_keyword (pfile_fk, start, len) VALUES (4, 3071, 9);
INSERT INTO highlight_keyword (pfile_fk, start, len) VALUES (4, 3716, 9);
INSERT INTO highlight_keyword (pfile_fk, start, len) VALUES (4, 4020, 9);
INSERT INTO highlight_keyword (pfile_fk, start, len) VALUES (4, 4651, 9);
INSERT INTO highlight_keyword (pfile_fk, start, len) VALUES (4, 5405, 9);
INSERT INTO highlight_keyword (pfile_fk, start, len) VALUES (4, 5783, 9);
INSERT INTO highlight_keyword (pfile_fk, start, len) VALUES (4, 5827, 9);
INSERT INTO highlight_keyword (pfile_fk, start, len) VALUES (4, 5906, 9);
INSERT INTO highlight_keyword (pfile_fk, start, len) VALUES (4, 6271, 9);
INSERT INTO highlight_keyword (pfile_fk, start, len) VALUES (4, 6974, 9);
INSERT INTO highlight_keyword (pfile_fk, start, len) VALUES (4, 7243, 9);
INSERT INTO highlight_keyword (pfile_fk, start, len) VALUES (4, 7474, 9);
INSERT INTO highlight_keyword (pfile_fk, start, len) VALUES (4, 7565, 9);
INSERT INTO highlight_keyword (pfile_fk, start, len) VALUES (4, 7754, 9);
INSERT INTO highlight_keyword (pfile_fk, start, len) VALUES (4, 7846, 9);
INSERT INTO highlight_keyword (pfile_fk, start, len) VALUES (4, 8022, 9);
INSERT INTO highlight_keyword (pfile_fk, start, len) VALUES (4, 8079, 9);
INSERT INTO highlight_keyword (pfile_fk, start, len) VALUES (4, 8314, 9);
INSERT INTO highlight_keyword (pfile_fk, start, len) VALUES (4, 8513, 9);
INSERT INTO highlight_keyword (pfile_fk, start, len) VALUES (4, 8663, 9);
INSERT INTO highlight_keyword (pfile_fk, start, len) VALUES (4, 8804, 9);
INSERT INTO highlight_keyword (pfile_fk, start, len) VALUES (4, 9256, 9);
INSERT INTO highlight_keyword (pfile_fk, start, len) VALUES (4, 9411, 9);
INSERT INTO highlight_keyword (pfile_fk, start, len) VALUES (4, 9810, 9);
INSERT INTO highlight_keyword (pfile_fk, start, len) VALUES (4, 9964, 9);
INSERT INTO highlight_keyword (pfile_fk, start, len) VALUES (4, 10074, 9);
INSERT INTO highlight_keyword (pfile_fk, start, len) VALUES (4, 10246, 9);
INSERT INTO highlight_keyword (pfile_fk, start, len) VALUES (4, 10499, 9);
INSERT INTO highlight_keyword (pfile_fk, start, len) VALUES (4, 10560, 9);
INSERT INTO highlight_keyword (pfile_fk, start, len) VALUES (4, 11774, 9);
INSERT INTO highlight_keyword (pfile_fk, start, len) VALUES (4, 9002, 5);
INSERT INTO highlight_keyword (pfile_fk, start, len) VALUES (4, 10039, 5);
INSERT INTO highlight_keyword (pfile_fk, start, len) VALUES (4, 21, 6);
INSERT INTO highlight_keyword (pfile_fk, start, len) VALUES (4, 115, 6);
INSERT INTO highlight_keyword (pfile_fk, start, len) VALUES (4, 192, 6);
INSERT INTO highlight_keyword (pfile_fk, start, len) VALUES (4, 300, 6);
INSERT INTO highlight_keyword (pfile_fk, start, len) VALUES (4, 345, 6);
INSERT INTO highlight_keyword (pfile_fk, start, len) VALUES (4, 764, 6);
INSERT INTO highlight_keyword (pfile_fk, start, len) VALUES (4, 847, 6);
INSERT INTO highlight_keyword (pfile_fk, start, len) VALUES (4, 883, 6);
INSERT INTO highlight_keyword (pfile_fk, start, len) VALUES (4, 1007, 6);
INSERT INTO highlight_keyword (pfile_fk, start, len) VALUES (4, 1127, 6);
INSERT INTO highlight_keyword (pfile_fk, start, len) VALUES (4, 1231, 6);
INSERT INTO highlight_keyword (pfile_fk, start, len) VALUES (4, 1370, 6);
INSERT INTO highlight_keyword (pfile_fk, start, len) VALUES (4, 1571, 6);
INSERT INTO highlight_keyword (pfile_fk, start, len) VALUES (4, 1767, 6);
INSERT INTO highlight_keyword (pfile_fk, start, len) VALUES (4, 2221, 6);
INSERT INTO highlight_keyword (pfile_fk, start, len) VALUES (4, 2279, 6);
INSERT INTO highlight_keyword (pfile_fk, start, len) VALUES (4, 2683, 6);
INSERT INTO highlight_keyword (pfile_fk, start, len) VALUES (4, 3137, 6);
INSERT INTO highlight_keyword (pfile_fk, start, len) VALUES (4, 3259, 6);
INSERT INTO highlight_keyword (pfile_fk, start, len) VALUES (4, 3470, 6);
INSERT INTO highlight_keyword (pfile_fk, start, len) VALUES (4, 3561, 6);
INSERT INTO highlight_keyword (pfile_fk, start, len) VALUES (4, 4094, 6);
INSERT INTO highlight_keyword (pfile_fk, start, len) VALUES (4, 4216, 6);
INSERT INTO highlight_keyword (pfile_fk, start, len) VALUES (4, 4334, 6);
INSERT INTO highlight_keyword (pfile_fk, start, len) VALUES (4, 4431, 6);
INSERT INTO highlight_keyword (pfile_fk, start, len) VALUES (4, 4681, 6);
INSERT INTO highlight_keyword (pfile_fk, start, len) VALUES (4, 4750, 6);
INSERT INTO highlight_keyword (pfile_fk, start, len) VALUES (4, 5372, 6);
INSERT INTO highlight_keyword (pfile_fk, start, len) VALUES (4, 5640, 6);
INSERT INTO highlight_keyword (pfile_fk, start, len) VALUES (4, 6104, 6);
INSERT INTO highlight_keyword (pfile_fk, start, len) VALUES (4, 6236, 6);
INSERT INTO highlight_keyword (pfile_fk, start, len) VALUES (4, 6469, 6);
INSERT INTO highlight_keyword (pfile_fk, start, len) VALUES (4, 8751, 6);
INSERT INTO highlight_keyword (pfile_fk, start, len) VALUES (4, 8785, 6);
INSERT INTO highlight_keyword (pfile_fk, start, len) VALUES (4, 8903, 6);
INSERT INTO highlight_keyword (pfile_fk, start, len) VALUES (4, 9094, 6);
INSERT INTO highlight_keyword (pfile_fk, start, len) VALUES (4, 9244, 6);
INSERT INTO highlight_keyword (pfile_fk, start, len) VALUES (4, 9347, 6);
INSERT INTO highlight_keyword (pfile_fk, start, len) VALUES (4, 9398, 6);
INSERT INTO highlight_keyword (pfile_fk, start, len) VALUES (4, 9525, 6);
INSERT INTO highlight_keyword (pfile_fk, start, len) VALUES (4, 9612, 6);
INSERT INTO highlight_keyword (pfile_fk, start, len) VALUES (4, 9640, 6);
INSERT INTO highlight_keyword (pfile_fk, start, len) VALUES (4, 9763, 6);
INSERT INTO highlight_keyword (pfile_fk, start, len) VALUES (4, 9898, 6);
INSERT INTO highlight_keyword (pfile_fk, start, len) VALUES (4, 10161, 6);
INSERT INTO highlight_keyword (pfile_fk, start, len) VALUES (4, 10458, 6);
INSERT INTO highlight_keyword (pfile_fk, start, len) VALUES (4, 10653, 6);
INSERT INTO highlight_keyword (pfile_fk, start, len) VALUES (4, 10725, 6);
INSERT INTO highlight_keyword (pfile_fk, start, len) VALUES (4, 10747, 6);
INSERT INTO highlight_keyword (pfile_fk, start, len) VALUES (4, 10960, 6);
INSERT INTO highlight_keyword (pfile_fk, start, len) VALUES (4, 10352, 6);
INSERT INTO highlight_keyword (pfile_fk, start, len) VALUES (4, 3388, 10);
INSERT INTO highlight_keyword (pfile_fk, start, len) VALUES (4, 4842, 10);
INSERT INTO highlight_keyword (pfile_fk, start, len) VALUES (4, 5299, 10);
INSERT INTO highlight_keyword (pfile_fk, start, len) VALUES (4, 6182, 10);
INSERT INTO highlight_keyword (pfile_fk, start, len) VALUES (4, 9187, 10);
INSERT INTO highlight_keyword (pfile_fk, start, len) VALUES (4, 10050, 10);
INSERT INTO highlight_keyword (pfile_fk, start, len) VALUES (4, 309, 7);
INSERT INTO highlight_keyword (pfile_fk, start, len) VALUES (4, 925, 7);
INSERT INTO highlight_keyword (pfile_fk, start, len) VALUES (4, 1038, 7);
INSERT INTO highlight_keyword (pfile_fk, start, len) VALUES (4, 5496, 7);
INSERT INTO highlight_keyword (pfile_fk, start, len) VALUES (4, 11640, 7);
INSERT INTO highlight_keyword (pfile_fk, start, len) VALUES (4, 271, 11);
INSERT INTO highlight_keyword (pfile_fk, start, len) VALUES (4, 595, 11);
INSERT INTO highlight_keyword (pfile_fk, start, len) VALUES (4, 820, 11);
INSERT INTO highlight_keyword (pfile_fk, start, len) VALUES (4, 1069, 11);
INSERT INTO highlight_keyword (pfile_fk, start, len) VALUES (4, 1542, 11);
INSERT INTO highlight_keyword (pfile_fk, start, len) VALUES (4, 1658, 11);
INSERT INTO highlight_keyword (pfile_fk, start, len) VALUES (4, 2252, 11);
INSERT INTO highlight_keyword (pfile_fk, start, len) VALUES (4, 2301, 11);
INSERT INTO highlight_keyword (pfile_fk, start, len) VALUES (4, 2457, 11);
INSERT INTO highlight_keyword (pfile_fk, start, len) VALUES (4, 2784, 11);
INSERT INTO highlight_keyword (pfile_fk, start, len) VALUES (4, 7216, 11);
INSERT INTO highlight_keyword (pfile_fk, start, len) VALUES (4, 7544, 11);
INSERT INTO highlight_keyword (pfile_fk, start, len) VALUES (4, 7779, 11);
INSERT INTO highlight_keyword (pfile_fk, start, len) VALUES (4, 8010, 11);
INSERT INTO highlight_keyword (pfile_fk, start, len) VALUES (4, 8469, 11);
INSERT INTO highlight_keyword (pfile_fk, start, len) VALUES (4, 8533, 11);
INSERT INTO highlight_keyword (pfile_fk, start, len) VALUES (4, 729, 10);
INSERT INTO highlight_keyword (pfile_fk, start, len) VALUES (4, 2830, 10);
INSERT INTO highlight_keyword (pfile_fk, start, len) VALUES (4, 3121, 10);
INSERT INTO highlight_keyword (pfile_fk, start, len) VALUES (4, 3746, 10);
INSERT INTO highlight_keyword (pfile_fk, start, len) VALUES (4, 4078, 10);
INSERT INTO highlight_keyword (pfile_fk, start, len) VALUES (4, 6008, 10);
INSERT INTO highlight_keyword (pfile_fk, start, len) VALUES (4, 6583, 10);
INSERT INTO highlight_keyword (pfile_fk, start, len) VALUES (4, 8860, 10);
INSERT INTO highlight_keyword (pfile_fk, start, len) VALUES (4, 1262, 20);
INSERT INTO highlight_keyword (pfile_fk, start, len) VALUES (4, 8875, 20);
INSERT INTO highlight_keyword (pfile_fk, start, len) VALUES (4, 9928, 20);
INSERT INTO highlight_keyword (pfile_fk, start, len) VALUES (4, 3166, 7);
INSERT INTO highlight_keyword (pfile_fk, start, len) VALUES (4, 3295, 7);
INSERT INTO highlight_keyword (pfile_fk, start, len) VALUES (4, 4123, 7);
INSERT INTO highlight_keyword (pfile_fk, start, len) VALUES (4, 4252, 7);
INSERT INTO highlight_keyword (pfile_fk, start, len) VALUES (4, 5177, 7);
INSERT INTO highlight_keyword (pfile_fk, start, len) VALUES (4, 5426, 7);
INSERT INTO highlight_keyword (pfile_fk, start, len) VALUES (4, 6382, 7);
INSERT INTO highlight_keyword (pfile_fk, start, len) VALUES (4, 6506, 7);
INSERT INTO highlight_keyword (pfile_fk, start, len) VALUES (4, 10981, 7);
INSERT INTO highlight_keyword (pfile_fk, start, len) VALUES (4, 11055, 7);
INSERT INTO highlight_keyword (pfile_fk, start, len) VALUES (4, 11210, 7);
INSERT INTO highlight_keyword (pfile_fk, start, len) VALUES (4, 11306, 7);
INSERT INTO highlight_keyword (pfile_fk, start, len) VALUES (4, 523, 16);
INSERT INTO highlight_keyword (pfile_fk, start, len) VALUES (5, 1839, 5);
INSERT INTO highlight_keyword (pfile_fk, start, len) VALUES (5, 32, 9);
INSERT INTO highlight_keyword (pfile_fk, start, len) VALUES (5, 42, 3);
INSERT INTO highlight_keyword (pfile_fk, start, len) VALUES (5, 1253, 3);
INSERT INTO highlight_keyword (pfile_fk, start, len) VALUES (5, 2156, 7);
INSERT INTO highlight_keyword (pfile_fk, start, len) VALUES (5, 255, 9);
INSERT INTO highlight_keyword (pfile_fk, start, len) VALUES (5, 666, 9);
INSERT INTO highlight_keyword (pfile_fk, start, len) VALUES (5, 837, 9);
INSERT INTO highlight_keyword (pfile_fk, start, len) VALUES (5, 1798, 13);
INSERT INTO highlight_keyword (pfile_fk, start, len) VALUES (5, 2394, 10);
INSERT INTO highlight_keyword (pfile_fk, start, len) VALUES (5, 2435, 10);
INSERT INTO highlight_keyword (pfile_fk, start, len) VALUES (5, 22, 6);
INSERT INTO highlight_keyword (pfile_fk, start, len) VALUES (5, 203, 6);
INSERT INTO highlight_keyword (pfile_fk, start, len) VALUES (5, 242, 6);
INSERT INTO highlight_keyword (pfile_fk, start, len) VALUES (5, 1631, 6);
INSERT INTO highlight_keyword (pfile_fk, start, len) VALUES (5, 2609, 6);
INSERT INTO highlight_keyword (pfile_fk, start, len) VALUES (5, 1429, 10);
INSERT INTO highlight_keyword (pfile_fk, start, len) VALUES (5, 413, 7);
INSERT INTO highlight_keyword (pfile_fk, start, len) VALUES (5, 279, 17);
INSERT INTO highlight_keyword (pfile_fk, start, len) VALUES (5, 683, 11);
INSERT INTO highlight_keyword (pfile_fk, start, len) VALUES (5, 1875, 7);
INSERT INTO highlight_keyword (pfile_fk, start, len) VALUES (5, 1932, 7);
INSERT INTO highlight_keyword (pfile_fk, start, len) VALUES (6, 1869, 5);
INSERT INTO highlight_keyword (pfile_fk, start, len) VALUES (6, 6170, 5);
INSERT INTO highlight_keyword (pfile_fk, start, len) VALUES (6, 224, 9);
INSERT INTO highlight_keyword (pfile_fk, start, len) VALUES (6, 984, 9);
INSERT INTO highlight_keyword (pfile_fk, start, len) VALUES (6, 1569, 9);
INSERT INTO highlight_keyword (pfile_fk, start, len) VALUES (6, 1727, 9);
INSERT INTO highlight_keyword (pfile_fk, start, len) VALUES (6, 4006, 9);
INSERT INTO highlight_keyword (pfile_fk, start, len) VALUES (6, 4500, 9);
INSERT INTO highlight_keyword (pfile_fk, start, len) VALUES (6, 4510, 3);
INSERT INTO highlight_keyword (pfile_fk, start, len) VALUES (6, 4728, 9);
INSERT INTO highlight_keyword (pfile_fk, start, len) VALUES (6, 5218, 9);
INSERT INTO highlight_keyword (pfile_fk, start, len) VALUES (6, 5432, 9);
INSERT INTO highlight_keyword (pfile_fk, start, len) VALUES (6, 6006, 9);
INSERT INTO highlight_keyword (pfile_fk, start, len) VALUES (6, 6237, 9);
INSERT INTO highlight_keyword (pfile_fk, start, len) VALUES (6, 6364, 9);
INSERT INTO highlight_keyword (pfile_fk, start, len) VALUES (6, 6446, 9);
INSERT INTO highlight_keyword (pfile_fk, start, len) VALUES (6, 2556, 7);
INSERT INTO highlight_keyword (pfile_fk, start, len) VALUES (6, 2682, 7);
INSERT INTO highlight_keyword (pfile_fk, start, len) VALUES (6, 2794, 7);
INSERT INTO highlight_keyword (pfile_fk, start, len) VALUES (6, 2886, 7);
INSERT INTO highlight_keyword (pfile_fk, start, len) VALUES (6, 3172, 7);
INSERT INTO highlight_keyword (pfile_fk, start, len) VALUES (6, 616, 6);
INSERT INTO highlight_keyword (pfile_fk, start, len) VALUES (6, 838, 6);
INSERT INTO highlight_keyword (pfile_fk, start, len) VALUES (6, 560, 9);
INSERT INTO highlight_keyword (pfile_fk, start, len) VALUES (6, 929, 9);
INSERT INTO highlight_keyword (pfile_fk, start, len) VALUES (6, 1154, 9);
INSERT INTO highlight_keyword (pfile_fk, start, len) VALUES (6, 1663, 9);
INSERT INTO highlight_keyword (pfile_fk, start, len) VALUES (6, 3610, 9);
INSERT INTO highlight_keyword (pfile_fk, start, len) VALUES (6, 3875, 9);
INSERT INTO highlight_keyword (pfile_fk, start, len) VALUES (6, 4601, 9);
INSERT INTO highlight_keyword (pfile_fk, start, len) VALUES (6, 6030, 9);
INSERT INTO highlight_keyword (pfile_fk, start, len) VALUES (6, 6290, 9);
INSERT INTO highlight_keyword (pfile_fk, start, len) VALUES (6, 324, 5);
INSERT INTO highlight_keyword (pfile_fk, start, len) VALUES (6, 358, 5);
INSERT INTO highlight_keyword (pfile_fk, start, len) VALUES (6, 1236, 5);
INSERT INTO highlight_keyword (pfile_fk, start, len) VALUES (6, 2258, 5);
INSERT INTO highlight_keyword (pfile_fk, start, len) VALUES (6, 4192, 5);
INSERT INTO highlight_keyword (pfile_fk, start, len) VALUES (6, 4581, 5);
INSERT INTO highlight_keyword (pfile_fk, start, len) VALUES (6, 5442, 5);
INSERT INTO highlight_keyword (pfile_fk, start, len) VALUES (6, 5580, 5);
INSERT INTO highlight_keyword (pfile_fk, start, len) VALUES (6, 5721, 5);
INSERT INTO highlight_keyword (pfile_fk, start, len) VALUES (6, 5785, 5);
INSERT INTO highlight_keyword (pfile_fk, start, len) VALUES (6, 6265, 5);
INSERT INTO highlight_keyword (pfile_fk, start, len) VALUES (6, 2323, 10);
INSERT INTO highlight_keyword (pfile_fk, start, len) VALUES (6, 2913, 10);
INSERT INTO highlight_keyword (pfile_fk, start, len) VALUES (6, 2943, 10);
INSERT INTO highlight_keyword (pfile_fk, start, len) VALUES (6, 17, 6);
INSERT INTO highlight_keyword (pfile_fk, start, len) VALUES (6, 62, 6);
INSERT INTO highlight_keyword (pfile_fk, start, len) VALUES (6, 154, 6);
INSERT INTO highlight_keyword (pfile_fk, start, len) VALUES (6, 266, 6);
INSERT INTO highlight_keyword (pfile_fk, start, len) VALUES (6, 299, 6);
INSERT INTO highlight_keyword (pfile_fk, start, len) VALUES (6, 333, 6);
INSERT INTO highlight_keyword (pfile_fk, start, len) VALUES (6, 342, 6);
INSERT INTO highlight_keyword (pfile_fk, start, len) VALUES (6, 488, 6);
INSERT INTO highlight_keyword (pfile_fk, start, len) VALUES (6, 500, 6);
INSERT INTO highlight_keyword (pfile_fk, start, len) VALUES (6, 698, 6);
INSERT INTO highlight_keyword (pfile_fk, start, len) VALUES (6, 767, 6);
INSERT INTO highlight_keyword (pfile_fk, start, len) VALUES (6, 1044, 6);
INSERT INTO highlight_keyword (pfile_fk, start, len) VALUES (6, 1228, 6);
INSERT INTO highlight_keyword (pfile_fk, start, len) VALUES (6, 1264, 6);
INSERT INTO highlight_keyword (pfile_fk, start, len) VALUES (6, 1503, 6);
INSERT INTO highlight_keyword (pfile_fk, start, len) VALUES (6, 1542, 6);
INSERT INTO highlight_keyword (pfile_fk, start, len) VALUES (6, 1624, 6);
INSERT INTO highlight_keyword (pfile_fk, start, len) VALUES (6, 1678, 6);
INSERT INTO highlight_keyword (pfile_fk, start, len) VALUES (6, 1709, 6);
INSERT INTO highlight_keyword (pfile_fk, start, len) VALUES (6, 1853, 6);
INSERT INTO highlight_keyword (pfile_fk, start, len) VALUES (6, 2218, 6);
INSERT INTO highlight_keyword (pfile_fk, start, len) VALUES (6, 2230, 6);
INSERT INTO highlight_keyword (pfile_fk, start, len) VALUES (6, 2458, 6);
INSERT INTO highlight_keyword (pfile_fk, start, len) VALUES (6, 2610, 6);
INSERT INTO highlight_keyword (pfile_fk, start, len) VALUES (6, 3240, 6);
INSERT INTO highlight_keyword (pfile_fk, start, len) VALUES (6, 3454, 6);
INSERT INTO highlight_keyword (pfile_fk, start, len) VALUES (6, 3601, 6);
INSERT INTO highlight_keyword (pfile_fk, start, len) VALUES (6, 3623, 6);
INSERT INTO highlight_keyword (pfile_fk, start, len) VALUES (6, 3853, 6);
INSERT INTO highlight_keyword (pfile_fk, start, len) VALUES (6, 4104, 6);
INSERT INTO highlight_keyword (pfile_fk, start, len) VALUES (6, 4216, 6);
INSERT INTO highlight_keyword (pfile_fk, start, len) VALUES (6, 4321, 6);
INSERT INTO highlight_keyword (pfile_fk, start, len) VALUES (6, 4341, 6);
INSERT INTO highlight_keyword (pfile_fk, start, len) VALUES (6, 4489, 6);
INSERT INTO highlight_keyword (pfile_fk, start, len) VALUES (6, 4618, 6);
INSERT INTO highlight_keyword (pfile_fk, start, len) VALUES (6, 4653, 6);
INSERT INTO highlight_keyword (pfile_fk, start, len) VALUES (6, 4759, 6);
INSERT INTO highlight_keyword (pfile_fk, start, len) VALUES (6, 4859, 6);
INSERT INTO highlight_keyword (pfile_fk, start, len) VALUES (6, 4908, 6);
INSERT INTO highlight_keyword (pfile_fk, start, len) VALUES (6, 4939, 6);
INSERT INTO highlight_keyword (pfile_fk, start, len) VALUES (6, 4996, 6);
INSERT INTO highlight_keyword (pfile_fk, start, len) VALUES (6, 5077, 6);
INSERT INTO highlight_keyword (pfile_fk, start, len) VALUES (6, 5162, 6);
INSERT INTO highlight_keyword (pfile_fk, start, len) VALUES (6, 5272, 6);
INSERT INTO highlight_keyword (pfile_fk, start, len) VALUES (6, 5318, 6);
INSERT INTO highlight_keyword (pfile_fk, start, len) VALUES (6, 5353, 6);
INSERT INTO highlight_keyword (pfile_fk, start, len) VALUES (6, 5489, 6);
INSERT INTO highlight_keyword (pfile_fk, start, len) VALUES (6, 5642, 6);
INSERT INTO highlight_keyword (pfile_fk, start, len) VALUES (6, 5682, 6);
INSERT INTO highlight_keyword (pfile_fk, start, len) VALUES (6, 5805, 6);
INSERT INTO highlight_keyword (pfile_fk, start, len) VALUES (6, 5839, 6);
INSERT INTO highlight_keyword (pfile_fk, start, len) VALUES (6, 5909, 6);
INSERT INTO highlight_keyword (pfile_fk, start, len) VALUES (6, 5968, 6);
INSERT INTO highlight_keyword (pfile_fk, start, len) VALUES (6, 6069, 6);
INSERT INTO highlight_keyword (pfile_fk, start, len) VALUES (6, 6096, 6);
INSERT INTO highlight_keyword (pfile_fk, start, len) VALUES (6, 6204, 6);
INSERT INTO highlight_keyword (pfile_fk, start, len) VALUES (6, 6381, 6);
INSERT INTO highlight_keyword (pfile_fk, start, len) VALUES (6, 6427, 6);
INSERT INTO highlight_keyword (pfile_fk, start, len) VALUES (6, 6499, 6);
INSERT INTO highlight_keyword (pfile_fk, start, len) VALUES (6, 4292, 11);
INSERT INTO highlight_keyword (pfile_fk, start, len) VALUES (6, 4896, 11);
INSERT INTO highlight_keyword (pfile_fk, start, len) VALUES (6, 656, 6);
INSERT INTO highlight_keyword (pfile_fk, start, len) VALUES (6, 4084, 6);
INSERT INTO highlight_keyword (pfile_fk, start, len) VALUES (6, 4389, 6);
INSERT INTO highlight_keyword (pfile_fk, start, len) VALUES (6, 4426, 6);
INSERT INTO highlight_keyword (pfile_fk, start, len) VALUES (6, 5573, 6);
INSERT INTO highlight_keyword (pfile_fk, start, len) VALUES (6, 5670, 6);
INSERT INTO highlight_keyword (pfile_fk, start, len) VALUES (6, 5714, 6);
INSERT INTO highlight_keyword (pfile_fk, start, len) VALUES (6, 1485, 10);
INSERT INTO highlight_keyword (pfile_fk, start, len) VALUES (6, 4560, 10);
INSERT INTO highlight_keyword (pfile_fk, start, len) VALUES (6, 4710, 10);
INSERT INTO highlight_keyword (pfile_fk, start, len) VALUES (6, 3251, 11);
INSERT INTO highlight_keyword (pfile_fk, start, len) VALUES (6, 3274, 11);
INSERT INTO highlight_keyword (pfile_fk, start, len) VALUES (6, 3520, 11);
INSERT INTO highlight_keyword (pfile_fk, start, len) VALUES (6, 3722, 11);
INSERT INTO highlight_keyword (pfile_fk, start, len) VALUES (6, 1516, 7);
INSERT INTO highlight_keyword (pfile_fk, start, len) VALUES (6, 1551, 7);
INSERT INTO highlight_keyword (pfile_fk, start, len) VALUES (6, 1891, 7);
INSERT INTO highlight_keyword (pfile_fk, start, len) VALUES (6, 1964, 7);
INSERT INTO highlight_keyword (pfile_fk, start, len) VALUES (6, 1998, 7);
INSERT INTO highlight_keyword (pfile_fk, start, len) VALUES (6, 2170, 7);
INSERT INTO highlight_keyword (pfile_fk, start, len) VALUES (6, 5952, 7);
INSERT INTO highlight_keyword (pfile_fk, start, len) VALUES (6, 6118, 7);
INSERT INTO highlight_keyword (pfile_fk, start, len) VALUES (6, 6143, 7);
INSERT INTO highlight_keyword (pfile_fk, start, len) VALUES (6, 1940, 13);
INSERT INTO highlight_keyword (pfile_fk, start, len) VALUES (6, 2662, 13);
INSERT INTO highlight_keyword (pfile_fk, start, len) VALUES (7, 416, 9);
INSERT INTO highlight_keyword (pfile_fk, start, len) VALUES (7, 7530, 9);
INSERT INTO highlight_keyword (pfile_fk, start, len) VALUES (7, 4147, 5);
INSERT INTO highlight_keyword (pfile_fk, start, len) VALUES (7, 2548, 9);
INSERT INTO highlight_keyword (pfile_fk, start, len) VALUES (7, 3216, 9);
INSERT INTO highlight_keyword (pfile_fk, start, len) VALUES (7, 3463, 9);
INSERT INTO highlight_keyword (pfile_fk, start, len) VALUES (7, 3538, 9);
INSERT INTO highlight_keyword (pfile_fk, start, len) VALUES (7, 7969, 2);
INSERT INTO highlight_keyword (pfile_fk, start, len) VALUES (7, 8048, 2);
INSERT INTO highlight_keyword (pfile_fk, start, len) VALUES (7, 6543, 7);
INSERT INTO highlight_keyword (pfile_fk, start, len) VALUES (7, 6635, 7);
INSERT INTO highlight_keyword (pfile_fk, start, len) VALUES (7, 3080, 6);
INSERT INTO highlight_keyword (pfile_fk, start, len) VALUES (7, 2736, 9);
INSERT INTO highlight_keyword (pfile_fk, start, len) VALUES (7, 2816, 9);
INSERT INTO highlight_keyword (pfile_fk, start, len) VALUES (7, 1486, 5);
INSERT INTO highlight_keyword (pfile_fk, start, len) VALUES (7, 8530, 5);
INSERT INTO highlight_keyword (pfile_fk, start, len) VALUES (7, 3319, 20);
INSERT INTO highlight_keyword (pfile_fk, start, len) VALUES (7, 4777, 10);
INSERT INTO highlight_keyword (pfile_fk, start, len) VALUES (7, 5854, 10);
INSERT INTO highlight_keyword (pfile_fk, start, len) VALUES (7, 6703, 10);
INSERT INTO highlight_keyword (pfile_fk, start, len) VALUES (7, 408, 6);
INSERT INTO highlight_keyword (pfile_fk, start, len) VALUES (7, 428, 6);
INSERT INTO highlight_keyword (pfile_fk, start, len) VALUES (7, 661, 6);
INSERT INTO highlight_keyword (pfile_fk, start, len) VALUES (7, 866, 6);
INSERT INTO highlight_keyword (pfile_fk, start, len) VALUES (7, 1068, 6);
INSERT INTO highlight_keyword (pfile_fk, start, len) VALUES (7, 1190, 6);
INSERT INTO highlight_keyword (pfile_fk, start, len) VALUES (7, 1393, 6);
INSERT INTO highlight_keyword (pfile_fk, start, len) VALUES (7, 1478, 6);
INSERT INTO highlight_keyword (pfile_fk, start, len) VALUES (7, 1513, 6);
INSERT INTO highlight_keyword (pfile_fk, start, len) VALUES (7, 1819, 6);
INSERT INTO highlight_keyword (pfile_fk, start, len) VALUES (7, 2049, 6);
INSERT INTO highlight_keyword (pfile_fk, start, len) VALUES (7, 2180, 6);
INSERT INTO highlight_keyword (pfile_fk, start, len) VALUES (7, 3563, 6);
INSERT INTO highlight_keyword (pfile_fk, start, len) VALUES (7, 3662, 6);
INSERT INTO highlight_keyword (pfile_fk, start, len) VALUES (7, 3706, 6);
INSERT INTO highlight_keyword (pfile_fk, start, len) VALUES (7, 4075, 6);
INSERT INTO highlight_keyword (pfile_fk, start, len) VALUES (7, 4130, 6);
INSERT INTO highlight_keyword (pfile_fk, start, len) VALUES (7, 4997, 6);
INSERT INTO highlight_keyword (pfile_fk, start, len) VALUES (7, 5263, 6);
INSERT INTO highlight_keyword (pfile_fk, start, len) VALUES (7, 5820, 6);
INSERT INTO highlight_keyword (pfile_fk, start, len) VALUES (7, 6669, 6);
INSERT INTO highlight_keyword (pfile_fk, start, len) VALUES (7, 7522, 6);
INSERT INTO highlight_keyword (pfile_fk, start, len) VALUES (7, 7939, 6);
INSERT INTO highlight_keyword (pfile_fk, start, len) VALUES (7, 8318, 6);
INSERT INTO highlight_keyword (pfile_fk, start, len) VALUES (7, 8435, 6);
INSERT INTO highlight_keyword (pfile_fk, start, len) VALUES (7, 8546, 6);
INSERT INTO highlight_keyword (pfile_fk, start, len) VALUES (7, 9005, 6);
INSERT INTO highlight_keyword (pfile_fk, start, len) VALUES (7, 10244, 6);
INSERT INTO highlight_keyword (pfile_fk, start, len) VALUES (7, 5960, 12);
INSERT INTO highlight_keyword (pfile_fk, start, len) VALUES (7, 6809, 12);
INSERT INTO highlight_keyword (pfile_fk, start, len) VALUES (7, 7314, 10);
INSERT INTO highlight_keyword (pfile_fk, start, len) VALUES (7, 83, 7);
INSERT INTO highlight_keyword (pfile_fk, start, len) VALUES (7, 131, 7);
INSERT INTO highlight_keyword (pfile_fk, start, len) VALUES (7, 259, 7);
INSERT INTO highlight_keyword (pfile_fk, start, len) VALUES (7, 586, 7);
INSERT INTO highlight_keyword (pfile_fk, start, len) VALUES (7, 998, 7);
INSERT INTO highlight_keyword (pfile_fk, start, len) VALUES (7, 1646, 7);
INSERT INTO highlight_keyword (pfile_fk, start, len) VALUES (7, 1777, 7);
INSERT INTO highlight_keyword (pfile_fk, start, len) VALUES (7, 2004, 7);
INSERT INTO highlight_keyword (pfile_fk, start, len) VALUES (7, 2596, 7);
INSERT INTO highlight_keyword (pfile_fk, start, len) VALUES (7, 3146, 7);
INSERT INTO highlight_keyword (pfile_fk, start, len) VALUES (7, 7370, 7);
INSERT INTO highlight_keyword (pfile_fk, start, len) VALUES (7, 8156, 7);
INSERT INTO highlight_keyword (pfile_fk, start, len) VALUES (7, 8598, 7);
INSERT INTO highlight_keyword (pfile_fk, start, len) VALUES (7, 8889, 7);
INSERT INTO highlight_keyword (pfile_fk, start, len) VALUES (7, 7690, 10);
INSERT INTO highlight_keyword (pfile_fk, start, len) VALUES (7, 7903, 10);
INSERT INTO highlight_keyword (pfile_fk, start, len) VALUES (7, 8765, 10);
INSERT INTO highlight_keyword (pfile_fk, start, len) VALUES (7, 29, 20);
INSERT INTO highlight_keyword (pfile_fk, start, len) VALUES (7, 216, 20);
INSERT INTO highlight_keyword (pfile_fk, start, len) VALUES (7, 3961, 7);
INSERT INTO highlight_keyword (pfile_fk, start, len) VALUES (7, 4343, 7);
INSERT INTO highlight_keyword (pfile_fk, start, len) VALUES (7, 4406, 7);
INSERT INTO highlight_keyword (pfile_fk, start, len) VALUES (7, 4461, 7);
INSERT INTO highlight_keyword (pfile_fk, start, len) VALUES (7, 4587, 7);
INSERT INTO highlight_keyword (pfile_fk, start, len) VALUES (7, 4636, 7);
INSERT INTO highlight_keyword (pfile_fk, start, len) VALUES (8, 50, 9);
INSERT INTO highlight_keyword (pfile_fk, start, len) VALUES (8, 168, 9);
INSERT INTO highlight_keyword (pfile_fk, start, len) VALUES (8, 983, 5);
INSERT INTO highlight_keyword (pfile_fk, start, len) VALUES (8, 61, 9);
INSERT INTO highlight_keyword (pfile_fk, start, len) VALUES (8, 70, 3);
INSERT INTO highlight_keyword (pfile_fk, start, len) VALUES (8, 340, 9);
INSERT INTO highlight_keyword (pfile_fk, start, len) VALUES (8, 1420, 7);
INSERT INTO highlight_keyword (pfile_fk, start, len) VALUES (8, 382, 6);
INSERT INTO highlight_keyword (pfile_fk, start, len) VALUES (8, 481, 6);
INSERT INTO highlight_keyword (pfile_fk, start, len) VALUES (8, 444, 9);
INSERT INTO highlight_keyword (pfile_fk, start, len) VALUES (8, 917, 9);
INSERT INTO highlight_keyword (pfile_fk, start, len) VALUES (8, 249, 5);
INSERT INTO highlight_keyword (pfile_fk, start, len) VALUES (8, 735, 9);
INSERT INTO highlight_keyword (pfile_fk, start, len) VALUES (8, 1599, 10);
INSERT INTO highlight_keyword (pfile_fk, start, len) VALUES (8, 1639, 10);
INSERT INTO highlight_keyword (pfile_fk, start, len) VALUES (8, 42, 6);
INSERT INTO highlight_keyword (pfile_fk, start, len) VALUES (8, 160, 6);
INSERT INTO highlight_keyword (pfile_fk, start, len) VALUES (8, 350, 6);
INSERT INTO highlight_keyword (pfile_fk, start, len) VALUES (8, 707, 10);
INSERT INTO highlight_keyword (pfile_fk, start, len) VALUES (8, 553, 7);
INSERT INTO highlight_keyword (pfile_fk, start, len) VALUES (8, 30, 11);
INSERT INTO highlight_keyword (pfile_fk, start, len) VALUES (8, 148, 11);
INSERT INTO highlight_keyword (pfile_fk, start, len) VALUES (8, 206, 11);
INSERT INTO highlight_keyword (pfile_fk, start, len) VALUES (8, 460, 11);
INSERT INTO highlight_keyword (pfile_fk, start, len) VALUES (8, 673, 11);
INSERT INTO highlight_keyword (pfile_fk, start, len) VALUES (8, 937, 11);
INSERT INTO highlight_keyword (pfile_fk, start, len) VALUES (8, 958, 11);
INSERT INTO highlight_keyword (pfile_fk, start, len) VALUES (8, 1738, 11);
INSERT INTO highlight_keyword (pfile_fk, start, len) VALUES (8, 1072, 7);
INSERT INTO highlight_keyword (pfile_fk, start, len) VALUES (8, 1128, 7);
INSERT INTO highlight_keyword (pfile_fk, start, len) VALUES (8, 1230, 7);
INSERT INTO job (job_pk, job_queued, job_priority, job_email_notify, job_name, job_upload_fk, job_folder_fk, job_user_fk) VALUES (1, '2014-08-07 09:57:19.206577+00', 0, NULL, 'A.zip', 1, NULL, 2);
INSERT INTO job (job_pk, job_queued, job_priority, job_email_notify, job_name, job_upload_fk, job_folder_fk, job_user_fk) VALUES (2, '2014-08-07 09:57:26.531768+00', 0, NULL, 'B.zip', 2, NULL, 2);
INSERT INTO jobqueue (jq_pk, jq_job_fk, jq_type, jq_args, jq_starttime, jq_endtime, jq_endtext, jq_end_bits, jq_schedinfo, jq_itemsprocessed, jq_log, jq_runonpfile, jq_host, jq_cmd_args) VALUES (1, 1, 'ununpack', '1', '2014-08-07 09:57:19.23848+00', '2014-08-07 09:57:19.340098+00', 'Completed', 1, NULL, 12, NULL, NULL, NULL, NULL);
INSERT INTO jobqueue (jq_pk, jq_job_fk, jq_type, jq_args, jq_starttime, jq_endtime, jq_endtext, jq_end_bits, jq_schedinfo, jq_itemsprocessed, jq_log, jq_runonpfile, jq_host, jq_cmd_args) VALUES (2, 1, 'adj2nest', '1', '2014-08-07 09:57:19.357895+00', '2014-08-07 09:57:19.365458+00', 'Completed', 1, NULL, 12, NULL, NULL, NULL, NULL);
INSERT INTO jobqueue (jq_pk, jq_job_fk, jq_type, jq_args, jq_starttime, jq_endtime, jq_endtext, jq_end_bits, jq_schedinfo, jq_itemsprocessed, jq_log, jq_runonpfile, jq_host, jq_cmd_args) VALUES (7, 1, 'pkgagent', '1', '2014-08-07 09:57:20.447445+00', '2014-08-07 09:57:20.510125+00', 'Completed', 1, NULL, 0, NULL, NULL, NULL, NULL);
INSERT INTO jobqueue (jq_pk, jq_job_fk, jq_type, jq_args, jq_starttime, jq_endtime, jq_endtext, jq_end_bits, jq_schedinfo, jq_itemsprocessed, jq_log, jq_runonpfile, jq_host, jq_cmd_args) VALUES (4, 1, 'mimetype', '1', '2014-08-07 09:57:20.450857+00', '2014-08-07 09:57:20.593947+00', 'Completed', 1, NULL, 7, NULL, NULL, NULL, NULL);
INSERT INTO jobqueue (jq_pk, jq_job_fk, jq_type, jq_args, jq_starttime, jq_endtime, jq_endtext, jq_end_bits, jq_schedinfo, jq_itemsprocessed, jq_log, jq_runonpfile, jq_host, jq_cmd_args) VALUES (3, 1, 'copyright', '1', '2014-08-07 09:57:20.455117+00', '2014-08-07 09:57:20.643304+00', 'Completed', 1, NULL, 6, NULL, NULL, NULL, NULL);
INSERT INTO jobqueue (jq_pk, jq_job_fk, jq_type, jq_args, jq_starttime, jq_endtime, jq_endtext, jq_end_bits, jq_schedinfo, jq_itemsprocessed, jq_log, jq_runonpfile, jq_host, jq_cmd_args) VALUES (5, 1, 'monk', '1', '2014-08-07 09:57:20.441054+00', '2014-08-07 09:57:21.018316+00', 'Completed', 1, NULL, 6, NULL, NULL, NULL, NULL);
INSERT INTO jobqueue (jq_pk, jq_job_fk, jq_type, jq_args, jq_starttime, jq_endtime, jq_endtext, jq_end_bits, jq_schedinfo, jq_itemsprocessed, jq_log, jq_runonpfile, jq_host, jq_cmd_args) VALUES (6, 1, 'nomos', '1', '2014-08-07 09:57:20.432848+00', '2014-08-07 09:57:21.784991+00', 'Completed', 1, NULL, 6, NULL, NULL, NULL, NULL);
INSERT INTO jobqueue (jq_pk, jq_job_fk, jq_type, jq_args, jq_starttime, jq_endtime, jq_endtext, jq_end_bits, jq_schedinfo, jq_itemsprocessed, jq_log, jq_runonpfile, jq_host, jq_cmd_args) VALUES (8, 2, 'ununpack', '2', '2014-08-07 09:57:26.560209+00', '2014-08-07 09:57:26.63113+00', 'Completed', 1, NULL, 12, NULL, NULL, NULL, NULL);
INSERT INTO jobqueue (jq_pk, jq_job_fk, jq_type, jq_args, jq_starttime, jq_endtime, jq_endtext, jq_end_bits, jq_schedinfo, jq_itemsprocessed, jq_log, jq_runonpfile, jq_host, jq_cmd_args) VALUES (9, 2, 'adj2nest', '2', '2014-08-07 09:57:26.647546+00', '2014-08-07 09:57:26.655059+00', 'Completed', 1, NULL, 12, NULL, NULL, NULL, NULL);
INSERT INTO jobqueue (jq_pk, jq_job_fk, jq_type, jq_args, jq_starttime, jq_endtime, jq_endtext, jq_end_bits, jq_schedinfo, jq_itemsprocessed, jq_log, jq_runonpfile, jq_host, jq_cmd_args) VALUES (14, 2, 'pkgagent', '2', '2014-08-07 09:57:27.742499+00', '2014-08-07 09:57:27.771119+00', 'Completed', 1, NULL, 0, NULL, NULL, NULL, NULL);
INSERT INTO jobqueue (jq_pk, jq_job_fk, jq_type, jq_args, jq_starttime, jq_endtime, jq_endtext, jq_end_bits, jq_schedinfo, jq_itemsprocessed, jq_log, jq_runonpfile, jq_host, jq_cmd_args) VALUES (11, 2, 'mimetype', '2', '2014-08-07 09:57:27.720478+00', '2014-08-07 09:57:27.779966+00', 'Completed', 1, NULL, 1, NULL, NULL, NULL, NULL);
INSERT INTO jobqueue (jq_pk, jq_job_fk, jq_type, jq_args, jq_starttime, jq_endtime, jq_endtext, jq_end_bits, jq_schedinfo, jq_itemsprocessed, jq_log, jq_runonpfile, jq_host, jq_cmd_args) VALUES (13, 2, 'nomos', '2', '2014-08-07 09:57:27.734223+00', '2014-08-07 09:57:27.826162+00', 'Completed', 1, NULL, 0, NULL, NULL, NULL, NULL);
INSERT INTO jobqueue (jq_pk, jq_job_fk, jq_type, jq_args, jq_starttime, jq_endtime, jq_endtext, jq_end_bits, jq_schedinfo, jq_itemsprocessed, jq_log, jq_runonpfile, jq_host, jq_cmd_args) VALUES (10, 2, 'copyright', '2', '2014-08-07 09:57:27.757989+00', '2014-08-07 09:57:27.870901+00', 'Completed', 1, NULL, 1, NULL, NULL, NULL, NULL);
INSERT INTO jobqueue (jq_pk, jq_job_fk, jq_type, jq_args, jq_starttime, jq_endtime, jq_endtext, jq_end_bits, jq_schedinfo, jq_itemsprocessed, jq_log, jq_runonpfile, jq_host, jq_cmd_args) VALUES (12, 2, 'monk', '2', '2014-08-07 09:57:27.718312+00', '2014-08-07 09:57:28.127051+00', 'Completed', 1, NULL, 6, NULL, NULL, NULL, NULL);
INSERT INTO jobdepends (jdep_jq_fk, jdep_jq_depends_fk) VALUES (2, 1);
INSERT INTO jobdepends (jdep_jq_fk, jdep_jq_depends_fk) VALUES (3, 2);
INSERT INTO jobdepends (jdep_jq_fk, jdep_jq_depends_fk) VALUES (4, 2);
INSERT INTO jobdepends (jdep_jq_fk, jdep_jq_depends_fk) VALUES (5, 2);
INSERT INTO jobdepends (jdep_jq_fk, jdep_jq_depends_fk) VALUES (6, 2);
INSERT INTO jobdepends (jdep_jq_fk, jdep_jq_depends_fk) VALUES (7, 2);
INSERT INTO jobdepends (jdep_jq_fk, jdep_jq_depends_fk) VALUES (9, 8);
INSERT INTO jobdepends (jdep_jq_fk, jdep_jq_depends_fk) VALUES (10, 9);
INSERT INTO jobdepends (jdep_jq_fk, jdep_jq_depends_fk) VALUES (11, 9);
INSERT INTO jobdepends (jdep_jq_fk, jdep_jq_depends_fk) VALUES (12, 9);
INSERT INTO jobdepends (jdep_jq_fk, jdep_jq_depends_fk) VALUES (13, 9);
INSERT INTO jobdepends (jdep_jq_fk, jdep_jq_depends_fk) VALUES (14, 9);
INSERT INTO license_file (fl_pk, rf_fk, agent_fk, rf_match_pct, rf_timestamp, pfile_fk, server_fk, fl_ref_start_byte, fl_ref_end_byte, fl_start_byte, fl_end_byte) VALUES (1, 544, 5, 100, '2014-08-07 09:57:20.795329+00', 3, 1, NULL, NULL, NULL, NULL);
INSERT INTO license_file (fl_pk, rf_fk, agent_fk, rf_match_pct, rf_timestamp, pfile_fk, server_fk, fl_ref_start_byte, fl_ref_end_byte, fl_start_byte, fl_end_byte) VALUES (2, 199, 5, 100, '2014-08-07 09:57:20.857918+00', 4, 1, NULL, NULL, NULL, NULL);
INSERT INTO license_file (fl_pk, rf_fk, agent_fk, rf_match_pct, rf_timestamp, pfile_fk, server_fk, fl_ref_start_byte, fl_ref_end_byte, fl_start_byte, fl_end_byte) VALUES (3, 454, 5, 100, '2014-08-07 09:57:20.860774+00', 5, 1, NULL, NULL, NULL, NULL);
INSERT INTO license_file (fl_pk, rf_fk, agent_fk, rf_match_pct, rf_timestamp, pfile_fk, server_fk, fl_ref_start_byte, fl_ref_end_byte, fl_start_byte, fl_end_byte) VALUES (4, 202, 5, 100, '2014-08-07 09:57:20.944647+00', 6, 1, NULL, NULL, NULL, NULL);
INSERT INTO license_file (fl_pk, rf_fk, agent_fk, rf_match_pct, rf_timestamp, pfile_fk, server_fk, fl_ref_start_byte, fl_ref_end_byte, fl_start_byte, fl_end_byte) VALUES (5, 544, 6, NULL, '2014-08-07 09:57:20.950099+00', 3, 1, NULL, NULL, NULL, NULL);
INSERT INTO license_file (fl_pk, rf_fk, agent_fk, rf_match_pct, rf_timestamp, pfile_fk, server_fk, fl_ref_start_byte, fl_ref_end_byte, fl_start_byte, fl_end_byte) VALUES (6, 200, 5, 100, '2014-08-07 09:57:21.006306+00', 7, 1, NULL, NULL, NULL, NULL);
INSERT INTO license_file (fl_pk, rf_fk, agent_fk, rf_match_pct, rf_timestamp, pfile_fk, server_fk, fl_ref_start_byte, fl_ref_end_byte, fl_start_byte, fl_end_byte) VALUES (7, 247, 5, 100, '2014-08-07 09:57:21.015006+00', 8, 1, NULL, NULL, NULL, NULL);
INSERT INTO license_file (fl_pk, rf_fk, agent_fk, rf_match_pct, rf_timestamp, pfile_fk, server_fk, fl_ref_start_byte, fl_ref_end_byte, fl_start_byte, fl_end_byte) VALUES (8, 199, 6, NULL, '2014-08-07 09:57:21.170537+00', 4, 1, NULL, NULL, NULL, NULL);
INSERT INTO license_file (fl_pk, rf_fk, agent_fk, rf_match_pct, rf_timestamp, pfile_fk, server_fk, fl_ref_start_byte, fl_ref_end_byte, fl_start_byte, fl_end_byte) VALUES (9, 504, 6, NULL, '2014-08-07 09:57:21.171168+00', 4, 1, NULL, NULL, NULL, NULL);
INSERT INTO license_file (fl_pk, rf_fk, agent_fk, rf_match_pct, rf_timestamp, pfile_fk, server_fk, fl_ref_start_byte, fl_ref_end_byte, fl_start_byte, fl_end_byte) VALUES (10, 454, 6, NULL, '2014-08-07 09:57:21.26285+00', 5, 1, NULL, NULL, NULL, NULL);
INSERT INTO license_file (fl_pk, rf_fk, agent_fk, rf_match_pct, rf_timestamp, pfile_fk, server_fk, fl_ref_start_byte, fl_ref_end_byte, fl_start_byte, fl_end_byte) VALUES (11, 202, 6, NULL, '2014-08-07 09:57:21.466138+00', 6, 1, NULL, NULL, NULL, NULL);
INSERT INTO license_file (fl_pk, rf_fk, agent_fk, rf_match_pct, rf_timestamp, pfile_fk, server_fk, fl_ref_start_byte, fl_ref_end_byte, fl_start_byte, fl_end_byte) VALUES (12, 559, 6, NULL, '2014-08-07 09:57:21.714958+00', 7, 1, NULL, NULL, NULL, NULL);
INSERT INTO license_file (fl_pk, rf_fk, agent_fk, rf_match_pct, rf_timestamp, pfile_fk, server_fk, fl_ref_start_byte, fl_ref_end_byte, fl_start_byte, fl_end_byte) VALUES (13, 498, 6, NULL, '2014-08-07 09:57:21.715495+00', 7, 1, NULL, NULL, NULL, NULL);
INSERT INTO license_file (fl_pk, rf_fk, agent_fk, rf_match_pct, rf_timestamp, pfile_fk, server_fk, fl_ref_start_byte, fl_ref_end_byte, fl_start_byte, fl_end_byte) VALUES (14, 560, 6, NULL, '2014-08-07 09:57:21.775579+00', 8, 1, NULL, NULL, NULL, NULL);
INSERT INTO license_file (fl_pk, rf_fk, agent_fk, rf_match_pct, rf_timestamp, pfile_fk, server_fk, fl_ref_start_byte, fl_ref_end_byte, fl_start_byte, fl_end_byte) VALUES (15, 1, 6, NULL, '2014-08-07 09:57:21.171168+00', 11, 1, NULL, NULL, NULL, NULL);
INSERT INTO license_file (fl_pk, rf_fk, agent_fk, rf_match_pct, rf_timestamp, pfile_fk, server_fk, fl_ref_start_byte, fl_ref_end_byte, fl_start_byte, fl_end_byte) VALUES (16, 2, 6, NULL, '2014-08-07 09:57:21.26285+00',  11, 1, NULL, NULL, NULL, NULL);
INSERT INTO license_file (fl_pk, rf_fk, agent_fk, rf_match_pct, rf_timestamp, pfile_fk, server_fk, fl_ref_start_byte, fl_ref_end_byte, fl_start_byte, fl_end_byte) VALUES (17, 6, 6, NULL, '2014-08-07 09:57:21.466138+00', 13, 1, NULL, NULL, NULL, NULL);
INSERT INTO license_file (fl_pk, rf_fk, agent_fk, rf_match_pct, rf_timestamp, pfile_fk, server_fk, fl_ref_start_byte, fl_ref_end_byte, fl_start_byte, fl_end_byte) VALUES (18, 1, 6, NULL, '2014-08-07 09:57:21.714958+00', 14, 1, NULL, NULL, NULL, NULL);
INSERT INTO license_file (fl_pk, rf_fk, agent_fk, rf_match_pct, rf_timestamp, pfile_fk, server_fk, fl_ref_start_byte, fl_ref_end_byte, fl_start_byte, fl_end_byte) VALUES (19, 6, 6, NULL, '2014-08-07 09:57:21.715495+00', 14, 1, NULL, NULL, NULL, NULL);
INSERT INTO license_file (fl_pk, rf_fk, agent_fk, rf_match_pct, rf_timestamp, pfile_fk, server_fk, fl_ref_start_byte, fl_ref_end_byte, fl_start_byte, fl_end_byte) VALUES (20, 4, 6, NULL, '2014-08-07 09:57:21.775579+00', 15, 1, NULL, NULL, NULL, NULL);
INSERT INTO license_ref (rf_pk, rf_shortname, rf_spdx_id, rf_text, rf_url, rf_add_date, rf_copyleft, "rf_OSIapproved", rf_fullname, "rf_FSFfree", "rf_GPLv2compatible", "rf_GPLv3compatible", rf_notes, "rf_Fedora", marydone, rf_active, rf_text_updatable, rf_md5, rf_detector_type, rf_source, rf_risk, rf_flag, rf_licensetype) VALUES (1, 'GPL-2.0-only', 'GPL-2.0-only', 'GPL 2.0 only', NULL, NULL, NULL, NULL, NULL, NULL, NULL, NULL, NULL, NULL, false, true, false, NULL, 3, NULL, NULL, 1, 'Strong Copyleft');
INSERT INTO license_ref (rf_pk, rf_shortname, rf_spdx_id, rf_text, rf_url, rf_add_date, rf_copyleft, "rf_OSIapproved", rf_fullname, "rf_FSFfree", "rf_GPLv2compatible", "rf_GPLv3compatible", rf_notes, "rf_Fedora", marydone, rf_active, rf_text_updatable, rf_md5, rf_detector_type, rf_source, rf_risk, rf_flag, rf_licensetype) VALUES (2, 'LGPL-2.1-or-later', 'LGPL-2.1-or-later', 'LGPL 2.1 or later', NULL, NULL, NULL, NULL, NULL, NULL, NULL, NULL, NULL, NULL, false, true, false, NULL, 3, NULL, NULL, 1, 'Weak Copyleft');
INSERT INTO license_ref (rf_pk, rf_shortname, rf_spdx_id, rf_text, rf_url, rf_add_date, rf_copyleft, "rf_OSIapproved", rf_fullname, "rf_FSFfree", "rf_GPLv2compatible", "rf_GPLv3compatible", rf_notes, "rf_Fedora", marydone, rf_active, rf_text_updatable, rf_md5, rf_detector_type, rf_source, rf_risk, rf_flag, rf_licensetype) VALUES (3, 'GPL-2.0-or-later', 'GPL-2.0-or-later', 'GPL 2.0 or later', NULL, NULL, NULL, NULL, NULL, NULL, NULL, NULL, NULL, NULL, false, true, false, NULL, 3, NULL, NULL, 1, 'Strong Copyleft');
INSERT INTO license_ref (rf_pk, rf_shortname, rf_spdx_id, rf_text, rf_url, rf_add_date, rf_copyleft, "rf_OSIapproved", rf_fullname, "rf_FSFfree", "rf_GPLv2compatible", "rf_GPLv3compatible", rf_notes, "rf_Fedora", marydone, rf_active, rf_text_updatable, rf_md5, rf_detector_type, rf_source, rf_risk, rf_flag, rf_licensetype) VALUES (4, 'MIT', 'MIT', 'MIT', NULL, NULL, NULL, NULL, NULL, NULL, NULL, NULL, NULL, NULL, false, true, false, NULL, 3, NULL, NULL, 1, 'Permissive');
INSERT INTO license_ref (rf_pk, rf_shortname, rf_spdx_id, rf_text, rf_url, rf_add_date, rf_copyleft, "rf_OSIapproved", rf_fullname, "rf_FSFfree", "rf_GPLv2compatible", "rf_GPLv3compatible", rf_notes, "rf_Fedora", marydone, rf_active, rf_text_updatable, rf_md5, rf_detector_type, rf_source, rf_risk, rf_flag, rf_licensetype) VALUES (6, 'Classpath-exception-2.0', 'Classpath-exception-2.0', 'Classpath exception 2.0', NULL, NULL, NULL, NULL, NULL, NULL, NULL, NULL, NULL, NULL, false, true, false, NULL, 3, NULL, NULL, 1, 'Permissive');
INSERT INTO license_std_comment (lsc_pk, name, comment, updated, user_fk, is_enabled) VALUES (2, 'Test comment #1', 'This will be your first comment!', '2019-05-14 10:12:46.622755+05:30', 2, true);
INSERT INTO license_std_comment (lsc_pk, name, comment, updated, user_fk, is_enabled) VALUES (3, 'Test comment #2', 'This will be the second comment!', '2019-05-14 10:12:46.624386+05:30', 2, true);
INSERT INTO license_std_comment (lsc_pk, name, comment, updated, user_fk, is_enabled) VALUES (4, 'Test comment #3', 'This will be the third comment!', '2019-05-14 10:12:46.626194+05:30', 2, true);
INSERT INTO license_std_comment (lsc_pk, name, comment, updated, user_fk, is_enabled) VALUES (5, 'Test comment #4', 'This will be the fourth comment!', '2019-05-14 10:12:46.627571+05:30', 2, true);
INSERT INTO license_std_comment (lsc_pk, name, comment, updated, user_fk, is_enabled) VALUES (6, 'Test comment #5', 'This will be the fifth comment!', '2019-05-14 10:12:46.62906+05:30', 2, true);
INSERT INTO license_std_comment (lsc_pk, name, comment, updated, user_fk, is_enabled) VALUES (7, 'Test comment #6', 'This will be the sixth comment!', '2019-05-14 10:12:46.630884+05:30', 2, true);
INSERT INTO license_std_comment (lsc_pk, name, comment, updated, user_fk, is_enabled) VALUES (8, 'not-set', 'This comment is not set!', '2019-05-14 10:12:46.632193+05:30', 2, false);
INSERT INTO mimetype_ars (ars_pk, agent_fk, upload_fk, ars_success, ars_status, ars_starttime, ars_endtime) VALUES (3, 1, 1, true, NULL, '2014-08-07 09:57:20.475587+00', '2014-08-07 09:57:20.593476+00');
INSERT INTO mimetype_ars (ars_pk, agent_fk, upload_fk, ars_success, ars_status, ars_starttime, ars_endtime) VALUES (8, 1, 2, true, NULL, '2014-08-07 09:57:27.733091+00', '2014-08-07 09:57:27.77946+00');
INSERT INTO monk_ars (ars_pk, agent_fk, upload_fk, ars_success, ars_status, ars_starttime, ars_endtime) VALUES (6, 5, 1, true, NULL, '2014-08-07 09:57:20.771017+00', '2014-08-07 09:57:21.017807+00');
INSERT INTO monk_ars (ars_pk, agent_fk, upload_fk, ars_success, ars_status, ars_starttime, ars_endtime) VALUES (12, 5, 2, true, NULL, '2014-08-07 09:57:27.956509+00', '2014-08-07 09:57:28.126352+00');
INSERT INTO nomos_ars (ars_pk, agent_fk, upload_fk, ars_success, ars_status, ars_starttime, ars_endtime) VALUES (4, 6, 1, true, NULL, '2014-08-07 09:57:20.552821+00', '2014-08-07 09:57:21.784538+00');
INSERT INTO nomos_ars (ars_pk, agent_fk, upload_fk, ars_success, ars_status, ars_starttime, ars_endtime) VALUES (10, 6, 2, true, NULL, '2014-08-07 09:57:27.818686+00', '2014-08-07 09:57:27.823032+00');
INSERT INTO perm_upload (perm_upload_pk, perm, upload_fk, group_fk) VALUES (1, 10, 1, 2);
INSERT INTO perm_upload (perm_upload_pk, perm, upload_fk, group_fk) VALUES (2, 10, 2, 2);
INSERT INTO pkgagent_ars (ars_pk, agent_fk, upload_fk, ars_success, ars_status, ars_starttime, ars_endtime) VALUES (2, 11, 1, true, NULL, '2014-08-07 09:57:20.46257+00', '2014-08-07 09:57:20.507679+00');
INSERT INTO pkgagent_ars (ars_pk, agent_fk, upload_fk, ars_success, ars_status, ars_starttime, ars_endtime) VALUES (9, 11, 2, true, NULL, '2014-08-07 09:57:27.749887+00', '2014-08-07 09:57:27.770628+00');
INSERT INTO report_info (ri_pk, upload_fk, ri_ga_checkbox_selection, ri_spdx_selection, ri_excluded_obligations, ri_reviewed, ri_footer, ri_report_rel, ri_community, ri_component, ri_version, ri_release_date, ri_sw360_link, ri_general_assesment, ri_ga_additional, ri_ga_risk, ri_department, ri_depnotes, ri_exportnotes, ri_copyrightnotes, ri_unifiedcolumns, ri_globaldecision) VALUES (1, 1, NULL, NULL, NULL, 'NA', 'Your Organization', 'NA', 'NA', 'NA', 'NA', 'NA', 'NA', 'NA', 'NA', 'NA', 'FOSSology Generation', 'NA', 'NA', 'NA', NULL, 1);
INSERT INTO report_info (ri_pk, upload_fk, ri_ga_checkbox_selection, ri_spdx_selection, ri_excluded_obligations, ri_reviewed, ri_footer, ri_report_rel, ri_community, ri_component, ri_version, ri_release_date, ri_sw360_link, ri_general_assesment, ri_ga_additional, ri_ga_risk, ri_department, ri_depnotes, ri_exportnotes, ri_copyrightnotes, ri_unifiedcolumns, ri_globaldecision) VALUES (2, 2, NULL, NULL, NULL, 'NA', 'Your Organization', 'NA', 'NA', 'NA', 'NA', 'NA', 'NA', 'NA', 'NA', 'NA', 'FOSSology Generation', 'NA', 'NA', 'NA', NULL, 1);
INSERT INTO report_info (ri_pk, upload_fk, ri_ga_checkbox_selection, ri_spdx_selection, ri_excluded_obligations, ri_reviewed, ri_footer, ri_report_rel, ri_community, ri_component, ri_version, ri_release_date, ri_sw360_link, ri_general_assesment, ri_ga_additional, ri_ga_risk, ri_department, ri_depnotes, ri_exportnotes, ri_copyrightnotes, ri_unifiedcolumns, ri_globaldecision) VALUES (3, 3, NULL, NULL, NULL, 'NA', 'Your Organization', 'NA', 'NA', 'NA', 'NA', 'NA', 'NA', 'NA', 'NA', 'NA', 'FOSSology Generation', 'NA', 'NA', 'NA', NULL, 1);
INSERT INTO report_info (ri_pk, upload_fk, ri_ga_checkbox_selection, ri_spdx_selection, ri_excluded_obligations, ri_reviewed, ri_footer, ri_report_rel, ri_community, ri_component, ri_version, ri_release_date, ri_sw360_link, ri_general_assesment, ri_ga_additional, ri_ga_risk, ri_department, ri_depnotes, ri_exportnotes, ri_copyrightnotes, ri_unifiedcolumns, ri_globaldecision) VALUES (4, 44, NULL, NULL, NULL, 'NA', 'Your Organization', 'NA', 'NA', 'NA', 'NA', 'NA', 'NA', 'NA', 'NA', 'NA', 'FOSSology Generation', 'NA', 'NA', 'NA', NULL, 1);
INSERT INTO sysconfig (sysconfig_pk, variablename, conf_value, ui_label, vartype, group_name, group_order, description, validation_function) VALUES (1, 'SupportEmailLabel', 'Support', 'Support Email Label', 2, 'Support', 1, 'e.g. "Support"<br>Text that the user clicks on to create a new support email. This new email will be preaddressed to this support email address and subject.  HTML is ok.', '');
INSERT INTO sysconfig (sysconfig_pk, variablename, conf_value, ui_label, vartype, group_name, group_order, description, validation_function) VALUES (2, 'SupportEmailAddr', NULL, 'Support Email Address', 2, 'Support', 2, 'e.g. "support@mycompany.com"<br>Individual or group email address to those providing FOSSology support.', 'check_email_address');
INSERT INTO sysconfig (sysconfig_pk, variablename, conf_value, ui_label, vartype, group_name, group_order, description, validation_function) VALUES (3, 'SupportEmailSubject', 'FOSSology Support', 'Support Email Subject line', 2, 'Support', 3, 'e.g. "fossology support"<br>Subject line to use on support email.', '');
INSERT INTO sysconfig (sysconfig_pk, variablename, conf_value, ui_label, vartype, group_name, group_order, description, validation_function) VALUES (4, 'BannerMsg', NULL, 'Banner message', 3, 'Banner', 1, 'This is message will be displayed on every page with a banner.  HTML is ok.', '');
INSERT INTO sysconfig (sysconfig_pk, variablename, conf_value, ui_label, vartype, group_name, group_order, description, validation_function) VALUES (5, 'LogoImage', NULL, 'Logo Image URL', 2, 'Logo', 1, 'e.g. "http://mycompany.com/images/companylogo.png" or "images/mylogo.png"<br>This image replaces the fossology project logo. Image is constrained to 150px wide.  80-100px high is a good target.  If you change this URL, you MUST also enter a logo URL.', 'check_logo_image_url');
INSERT INTO sysconfig (sysconfig_pk, variablename, conf_value, ui_label, vartype, group_name, group_order, description, validation_function) VALUES (6, 'LogoLink', NULL, 'Logo URL', 2, 'Logo', 2, 'e.g. "http://mycompany.com/fossology"<br>URL a person goes to when they click on the logo.  If you change the Logo URL, you MUST also enter a Logo Image.', 'check_logo_url');
INSERT INTO sysconfig (sysconfig_pk, variablename, conf_value, ui_label, vartype, group_name, group_order, description, validation_function) VALUES (7, 'FOSSologyURL', 'vagrant-ubuntu-trusty-64/repo/', 'FOSSology URL', 2, 'URL', 1, 'URL of this FOSSology server, e.g. vagrant-ubuntu-trusty-64/repo/', 'check_fossology_url');
INSERT INTO sysconfig (sysconfig_pk, variablename, conf_value, ui_label, vartype, group_name, group_order, description, validation_function) VALUES (8, 'NomostListNum', '2200', 'Number of Nomost List', 2, 'Number', 4, 'For the Nomos List/Nomost List Download, you can set the number of lines to list/download. Default 2200.', NULL);
INSERT INTO ununpack_ars (ars_pk, agent_fk, upload_fk, ars_success, ars_status, ars_starttime, ars_endtime) VALUES (1, 4, 1, true, NULL, '2014-08-07 09:57:19.274091+00', '2014-08-07 09:57:19.337462+00');
INSERT INTO ununpack_ars (ars_pk, agent_fk, upload_fk, ars_success, ars_status, ars_starttime, ars_endtime) VALUES (7, 4, 2, true, NULL, '2014-08-07 09:57:26.579377+00', '2014-08-07 09:57:26.628617+00');
INSERT INTO uploadtree_a (uploadtree_pk, parent, upload_fk, pfile_fk, ufile_mode, lft, rgt, ufile_name) VALUES (2, 1, 1, 2, 268469248, 2, 3, 'artifact.meta');
INSERT INTO uploadtree_a (uploadtree_pk, parent, upload_fk, pfile_fk, ufile_mode, lft, rgt, ufile_name) VALUES (10, 9, 1, 6, 32768, 7, 8, 'AFL-1.1');
INSERT INTO uploadtree_a (uploadtree_pk, parent, upload_fk, pfile_fk, ufile_mode, lft, rgt, ufile_name) VALUES (11, 9, 1, 7, 32768, 9, 10, 'Adaptec');
INSERT INTO uploadtree_a (uploadtree_pk, parent, upload_fk, pfile_fk, ufile_mode, lft, rgt, ufile_name) VALUES (12, 9, 1, 8, 32768, 11, 12, 'Adobe');
INSERT INTO uploadtree_a (uploadtree_pk, parent, upload_fk, pfile_fk, ufile_mode, lft, rgt, ufile_name) VALUES (9, 4, 1, 0, 536888320, 6, 13, '2');
INSERT INTO uploadtree_a (uploadtree_pk, parent, upload_fk, pfile_fk, ufile_mode, lft, rgt, ufile_name) VALUES (7, 5, 1, 4, 32768, 15, 16, 'Glide');
INSERT INTO uploadtree_a (uploadtree_pk, parent, upload_fk, pfile_fk, ufile_mode, lft, rgt, ufile_name) VALUES (6, 5, 1, 3, 32768, 17, 18, 'ACE');
INSERT INTO uploadtree_a (uploadtree_pk, parent, upload_fk, pfile_fk, ufile_mode, lft, rgt, ufile_name) VALUES (8, 5, 1, 5, 32768, 19, 20, 'AAL');
INSERT INTO uploadtree_a (uploadtree_pk, parent, upload_fk, pfile_fk, ufile_mode, lft, rgt, ufile_name) VALUES (5, 4, 1, 0, 536888320, 14, 21, '1');
INSERT INTO uploadtree_a (uploadtree_pk, parent, upload_fk, pfile_fk, ufile_mode, lft, rgt, ufile_name) VALUES (4, 3, 1, 0, 536888320, 5, 22, 'A');
INSERT INTO uploadtree_a (uploadtree_pk, parent, upload_fk, pfile_fk, ufile_mode, lft, rgt, ufile_name) VALUES (3, 1, 1, 0, 805323776, 4, 23, 'artifact.dir');
INSERT INTO uploadtree_a (uploadtree_pk, parent, upload_fk, pfile_fk, ufile_mode, lft, rgt, ufile_name) VALUES (1, NULL, 1, 1, 536904704, 1, 24, 'A.zip');
INSERT INTO uploadtree_a (uploadtree_pk, parent, upload_fk, pfile_fk, ufile_mode, lft, rgt, ufile_name) VALUES (14, 13, 2, 10, 268469248, 2, 3, 'artifact.meta');
INSERT INTO uploadtree_a (uploadtree_pk, parent, upload_fk, pfile_fk, ufile_mode, lft, rgt, ufile_name) VALUES (22, 21, 2, 3, 32768, 7, 8, 'ACE_B');
INSERT INTO uploadtree_a (uploadtree_pk, parent, upload_fk, pfile_fk, ufile_mode, lft, rgt, ufile_name) VALUES (23, 21, 2, 4, 32768, 9, 10, '3DFX_B');
INSERT INTO uploadtree_a (uploadtree_pk, parent, upload_fk, pfile_fk, ufile_mode, lft, rgt, ufile_name) VALUES (24, 21, 2, 5, 32768, 11, 12, 'AAL_B');
INSERT INTO uploadtree_a (uploadtree_pk, parent, upload_fk, pfile_fk, ufile_mode, lft, rgt, ufile_name) VALUES (21, 16, 2, 0, 536888320, 6, 13, '1b');
INSERT INTO uploadtree_a (uploadtree_pk, parent, upload_fk, pfile_fk, ufile_mode, lft, rgt, ufile_name) VALUES (19, 17, 2, 8, 32768, 15, 16, 'Adobe_B');
INSERT INTO uploadtree_a (uploadtree_pk, parent, upload_fk, pfile_fk, ufile_mode, lft, rgt, ufile_name) VALUES (18, 17, 2, 7, 32768, 17, 18, 'Adaptec_B');
INSERT INTO uploadtree_a (uploadtree_pk, parent, upload_fk, pfile_fk, ufile_mode, lft, rgt, ufile_name) VALUES (20, 17, 2, 6, 32768, 19, 20, 'AFL-1.1_B');
INSERT INTO uploadtree_a (uploadtree_pk, parent, upload_fk, pfile_fk, ufile_mode, lft, rgt, ufile_name) VALUES (17, 16, 2, 0, 536888320, 14, 21, '2b');
INSERT INTO uploadtree_a (uploadtree_pk, parent, upload_fk, pfile_fk, ufile_mode, lft, rgt, ufile_name) VALUES (16, 15, 2, 0, 536888320, 5, 22, 'B');
INSERT INTO uploadtree_a (uploadtree_pk, parent, upload_fk, pfile_fk, ufile_mode, lft, rgt, ufile_name) VALUES (15, 13, 2, 0, 805323776, 4, 23, 'artifact.dir');
INSERT INTO uploadtree_a (uploadtree_pk, parent, upload_fk, pfile_fk, ufile_mode, lft, rgt, ufile_name) VALUES (13, NULL, 2, 9, 536904704, 1, 24, 'B.zip');
INSERT INTO uploadtree_a (uploadtree_pk, parent, upload_fk, pfile_fk, ufile_mode, lft, rgt, ufile_name) VALUES (34, 33, 3, 10, 268469248, 2, 3, 'artifact.meta');
INSERT INTO uploadtree_a (uploadtree_pk, parent, upload_fk, pfile_fk, ufile_mode, lft, rgt, ufile_name) VALUES (42, 41, 3, 3, 32768, 7, 8, 'ACE_B');
INSERT INTO uploadtree_a (uploadtree_pk, parent, upload_fk, pfile_fk, ufile_mode, lft, rgt, ufile_name) VALUES (43, 41, 3, 4, 32768, 9, 10, '3DFX_B');
INSERT INTO uploadtree_a (uploadtree_pk, parent, upload_fk, pfile_fk, ufile_mode, lft, rgt, ufile_name) VALUES (44, 41, 3, 5, 32768, 11, 12, 'AAL_B');
INSERT INTO uploadtree_a (uploadtree_pk, parent, upload_fk, pfile_fk, ufile_mode, lft, rgt, ufile_name) VALUES (41, 36, 3, 0, 536888320, 6, 13, '1b');
INSERT INTO uploadtree_a (uploadtree_pk, parent, upload_fk, pfile_fk, ufile_mode, lft, rgt, ufile_name) VALUES (39, 37, 3, 8, 32768, 15, 16, 'Adobe_B');
INSERT INTO uploadtree_a (uploadtree_pk, parent, upload_fk, pfile_fk, ufile_mode, lft, rgt, ufile_name) VALUES (38, 37, 3, 7, 32768, 17, 18, 'Adaptec_B');
INSERT INTO uploadtree_a (uploadtree_pk, parent, upload_fk, pfile_fk, ufile_mode, lft, rgt, ufile_name) VALUES (40, 37, 3, 6, 32768, 19, 20, 'AFL-1.1_B');
INSERT INTO uploadtree_a (uploadtree_pk, parent, upload_fk, pfile_fk, ufile_mode, lft, rgt, ufile_name) VALUES (37, 36, 3, 0, 536888320, 14, 21, '2b');
INSERT INTO uploadtree_a (uploadtree_pk, parent, upload_fk, pfile_fk, ufile_mode, lft, rgt, ufile_name) VALUES (36, 35, 3, 0, 536888320, 5, 22, 'B');
INSERT INTO uploadtree_a (uploadtree_pk, parent, upload_fk, pfile_fk, ufile_mode, lft, rgt, ufile_name) VALUES (35, 33, 3, 0, 805323776, 4, 23, 'artifact.dir');
INSERT INTO uploadtree_a (uploadtree_pk, parent, upload_fk, pfile_fk, ufile_mode, lft, rgt, ufile_name) VALUES (33, NULL, 3, 9, 536904704, 1, 24, 'C.zip');
INSERT INTO uploadtree_a (uploadtree_pk, parent, upload_fk, pfile_fk, ufile_mode, lft, rgt, ufile_name) VALUES (460, NULL, 44, 755, 536904704, 1, 20, 'spdx.tar');
INSERT INTO uploadtree_a (uploadtree_pk, parent, upload_fk, pfile_fk, ufile_mode, lft, rgt, ufile_name) VALUES (461, NULL, 44, 0, 805323776, 2, 19, 'artifact.dir');
INSERT INTO uploadtree_a (uploadtree_pk, parent, upload_fk, pfile_fk, ufile_mode, lft, rgt, ufile_name) VALUES (462, NULL, 44, 0, 536888320, 3, 18, 'spdx');
INSERT INTO uploadtree_a (uploadtree_pk, parent, upload_fk, pfile_fk, ufile_mode, lft, rgt, ufile_name) VALUES (463, NULL, 44, 756, 33188, 4, 5, 'GPL-2.0');
INSERT INTO uploadtree_a (uploadtree_pk, parent, upload_fk, pfile_fk, ufile_mode, lft, rgt, ufile_name) VALUES (464, NULL, 44, 757, 33188, 6, 7, 'GPL-2.0+');
INSERT INTO uploadtree_a (uploadtree_pk, parent, upload_fk, pfile_fk, ufile_mode, lft, rgt, ufile_name) VALUES (465, NULL, 44, 758, 33188, 8, 9, 'GPL-2.0_AND_LGPL-2.1-or-later_OR_MIT');
INSERT INTO uploadtree_a (uploadtree_pk, parent, upload_fk, pfile_fk, ufile_mode, lft, rgt, ufile_name) VALUES (466, NULL, 44, 759, 33188, 10, 11, 'GPL-2.0-only');
INSERT INTO uploadtree_a (uploadtree_pk, parent, upload_fk, pfile_fk, ufile_mode, lft, rgt, ufile_name) VALUES (467, NULL, 44, 760, 33188, 12, 13, 'GPL-2.0-or-later');
INSERT INTO uploadtree_a (uploadtree_pk, parent, upload_fk, pfile_fk, ufile_mode, lft, rgt, ufile_name) VALUES (468, NULL, 44, 761, 33188, 14, 15, 'GPL-2.0_OR_MIT');
INSERT INTO uploadtree_a (uploadtree_pk, parent, upload_fk, pfile_fk, ufile_mode, lft, rgt, ufile_name) VALUES (468, NULL, 44, 762, 33188, 16, 17, 'GPL-2.0_WITH_Classpath-exception-2.0');
